研究主题,标题,作者,发表年份,发表日期,期刊/来源,文献类型,被引用次数,DOI,开放获取,OpenAlex
church fathers,"Music in early Coptic imagination: cultural acts and their cosmological aspects, according to literary sources","Girling, Robert",2031,2031-01-01,University of Liverpool,article,0,https://doi.org/10.17638/03195322,True,https://openalex.org/W7128535615
biblical interpretation,Event Distribution in the Biblical Narrative (−4025 to 100 CE): Quantifying Temporal Clustering with Preregistered Methods,Wiley McCain,2026,2026-12-26,OSF Preprints (OSF Preprints),preprint,0,https://doi.org/10.5281/zenodo.18065787,True,https://openalex.org/W7117419394
theology,AJS 58th Annual Conference,Association for Jewish Studies,2026,2026-12-20,ConfIDent,other,0,https://doi.org/10.25798/rb6q-c534,True,https://openalex.org/W7164858145
theology,"The Universe of Mind: Innocence, Interference, and the Asymmetry of Judgement",Yasir Arafat Maassoom,2026,2026-12-01,International Journal of Theology Philosophy and Science,article,0,https://doi.org/10.5281/zenodo.22989886,True,https://openalex.org/W7214548376
theology,"The Universe of Mind: Innocence, Interference, and the Asymmetry of Judgement",Yasir Arafat Maassoom,2026,2026-12-01,International Journal of Theology Philosophy and Science,article,0,https://doi.org/10.5281/zenodo.22989887,True,https://openalex.org/W7214527495
theology,ADAM: Evolution Becoming Self-Aware,"Ait Ahmed, Abdelatif",2026,2026-11-27,Zenodo (CERN European Organization for Nuclear Research),report,0,https://doi.org/10.5281/zenodo.17742543,True,https://openalex.org/W7107856702
theology,ADAM: Evolution Becoming Self-Aware,"Ait Ahmed, Abdelatif",2026,2026-11-27,Zenodo (CERN European Organization for Nuclear Research),report,0,https://doi.org/10.5281/zenodo.17742544,True,https://openalex.org/W7107879135
theology,The Agenda-Driven Revision of Melito of Sardis,Ronald Burgos Michael,2026,2026-11-01,Zenodo (CERN European Organization for Nuclear Research),article,0,https://doi.org/10.5281/zenodo.18214461,True,https://openalex.org/W7122525970
theology,The Agenda-Driven Revision of Melito of Sardis,Ronald Burgos Michael,2026,2026-11-01,Zenodo (CERN European Organization for Nuclear Research),article,0,https://doi.org/10.5281/zenodo.18214460,True,https://openalex.org/W7122809245
incarnation,"《達賴與班禪:藏傳佛教轉世制度中的「本土佛」》 The Dalai and Panchen Lamas: ""Indigenous Buddhas"" in the Tibetan Buddhist Reincarnation Tradition",Lawrence K Wang,2026,2026-10-23,Knowledge Commons (Lakehead University),article,0,https://doi.org/10.17613/wzwsa-nz369,True,https://openalex.org/W7212240013
incarnation,"《達賴與班禪:藏傳佛教轉世制度中的「本土佛」》 The Dalai and Panchen Lamas: ""Indigenous Buddhas"" in the Tibetan Buddhist Reincarnation Tradition",Lawrence K Wang,2026,2026-10-23,Knowledge Commons (Lakehead University),article,0,https://doi.org/10.17613/71tn5-0w306,True,https://openalex.org/W7212305430
theology,"From 'Matsu' to 'Mazu': Mazu Circumambulation, Maritime Cultural Integration, and World Peace (Second Edition)《從「馬祖」到「媽祖」: 媽祖遶境、海洋文化整合與世界和平(第二版)》",Lawrence K Wang,2026,2026-10-02,Knowledge Commons (Lakehead University),article,0,https://doi.org/10.17613/701k5-kax18,True,https://openalex.org/W7210278036
theology,"From 'Matsu' to 'Mazu': Mazu Circumambulation, Maritime Cultural Integration, and World Peace (Second Edition)《從「馬祖」到「媽祖」: 媽祖遶境、海洋文化整合與世界和平(第二版)》",Lawrence K Wang,2026,2026-10-02,Knowledge Commons (Lakehead University),article,0,https://doi.org/10.17613/rekka-se436,True,https://openalex.org/W7210290913
theology,"Trash, Trees, and Ta'dīb: A Critical Review and Corpus Mapping of Fiqh al-Bi'ah and the Eco-Islamic Turn in Indonesian Pesantren Education (2011–2025)",Kholid Mawardi; Supriyanto; Zein Muchamad Masykur,2026,2026-10-01,Contemporary Journal of Applied Sciences,article,0,https://doi.org/10.55927/cjas.v4i9.12,True,https://openalex.org/W7214995895
biblical interpretation,Sharing the Story of Jesus in India: Story Literacy of the Bible,Joseph Scaria Palakeel,2026,2026-10-01,Zenodo (CERN European Organization for Nuclear Research),article,0,https://doi.org/10.5281/zenodo.22914590,True,https://openalex.org/W7214126156
biblical interpretation,Sharing the Story of Jesus in India: Story Literacy of the Bible,Joseph Scaria Palakeel,2026,2026-10-01,Zenodo (CERN European Organization for Nuclear Research),article,0,https://doi.org/10.5281/zenodo.22914589,True,https://openalex.org/W7214123096
church fathers,Faculty Authors & Achievers Bibliography 2026,Luke Vilelle,2026,2026-10-01,Hollins Digital Commons (Hollins University),article,0,,True,https://openalex.org/W7209730771
theology,Works for 9/30/2026 - Carrie Fisher,Ryan MacLean,2026,2026-10-01,Zenodo (CERN European Organization for Nuclear Research),conference-paper,0,https://doi.org/10.5281/zenodo.23072050,True,https://openalex.org/W7214986715
theology,نقد الآراء النقدية لمنهج العلامة الطباطبائي في كتابه ( تفسير الميزان ) دراسة تحليلية نقدية,م.م. ذوالفقار ماجد مطشر,2026,2026-10-01,لارك,article,0,https://doi.org/10.31185/lark.5710,True,https://openalex.org/W7214958976
theology,FORMED TOGETHER: A VALUE-BASED MODEL OF MUTUAL SPIRITUAL FORMATION FOR PENTECOSTAL PASTORS AND CHURCHES UNDER 500,W. T.A. McMillan,2026,2026-10-01,SEU FIRE Scholars (Southeastern University),article,0,,False,https://openalex.org/W7167876927
theology,SANCTIFIED RHYTHMS OF REST: RECLAIMING SABBATH AND SPIRITUAL RETREAT FOR PASTORAL RENEWAL AND BURNOUT MITIGATION IN THE GEORGIA ASSEMBLIES OF GOD,Philip Sosebee,2026,2026-10-01,SEU FIRE Scholars (Southeastern University),article,0,,False,https://openalex.org/W7203731162
theology,Pastoral AI ethics for chatbots in religious education,Christos Papakostas,2026,2026-10-01,Ethics and Information Technology,article,0,https://doi.org/10.1007/s10676-026-09924-y,True,https://openalex.org/W7214909809
theology,Works for 9/30/2026 - Carrie Fisher,Ryan MacLean,2026,2026-10-01,Zenodo (CERN European Organization for Nuclear Research),conference-paper,0,https://doi.org/10.5281/zenodo.23072049,True,https://openalex.org/W7214907525
theology,Moral cognition and ethical perceptions in business: psychological insights from Gilgit-Baltistan’s cultural context,"Hussain,Talib; Tong Zelin; Seung Won Lee; Manzar Rehman",2026,2026-10-01,Scientific Electronic Library Online (Scientific Electronic Library Online),article,0,,True,https://openalex.org/W7203805836
theology,"Failed Gay Rights Amendment to Mankato's Human Rights Ordinance in Mankato, Minnesota in 1987",Kellian Clink,2026,2026-10-01,"Cornerstone (Minnesota State University, Mankato)",article,0,,True,https://openalex.org/W7204618497
theology,Secularization and the Economy: The End of Capitalism?,Richard Christy,2026,2026-09-30,Athens Journal of Business & Economics,article,0,https://doi.org/10.30958/ajbe.12-4-1,True,https://openalex.org/W7214963216
theology,The Continuity and Reinterpretation of Sola Fide from the Reformation to Postmodernity,Nasokhili Giawa; Stevri P. N. Indra Lumintang; Alamsyah Istiyantho Levinus,2026,2026-09-30,Evangelikal Jurnal Teologi Injili dan Pembinaan Warga Jemaat,article,0,https://doi.org/10.46445/ejti.v10i2.1155,True,https://openalex.org/W7214964574
theology,Transloyalties and the Construction of Martyrdom: Re-Reading Manche Masemola in Colonial South Africa,Johannes Seroto,2026,2026-09-30,Religions,article,0,https://doi.org/10.3390/rel17101150,True,https://openalex.org/W7214966689
theology,The Operational Field Theory of Affective Transmutation: A Grand Unified Theory Synthesizing Theological Theodicy with Psychodynamic Calculus,Maurice Patrick O'Connor,2026,2026-09-30,Zenodo (CERN European Organization for Nuclear Research),article,0,https://doi.org/10.5281/zenodo.23055626,True,https://openalex.org/W7214965486
theology,The Political and Religious Contribution of Presbyterianism in and around Manchester to the Restoration of the Monarchy in 1660,Stephen Harper,2026,2026-09-30,e-space (Manchester Metropolitan University),dissertation,0,https://doi.org/10.83056/mmu.34033467,True,https://openalex.org/W7214960288
theology,"Lessons in Nationhood: Power, Gender, and Schooling in Post-Unification Southern Italy",Francesco Domenico Vitale,2026,2026-09-30,Athens Journal of History,article,0,https://doi.org/10.30958/ajhis.12-4-4,True,https://openalex.org/W7214968258
theology,Mercy and Justice in the Context of John 8:1-11: A Philosophy of Religion Perspective,John Clerk Koko; Emmanuel Echezolochi Amadi,2026,2026-09-30,Zenodo (CERN European Organization for Nuclear Research),article,0,https://doi.org/10.5281/zenodo.23065635,True,https://openalex.org/W7214972017
theology,Developing the Seed of Faith Model: Integrating Piagetian Cognitive Development and Pauline Theology,Didimus Sutanto B. Prasetya; Johnly Mewengkang; Winson Hermanto Simamora,2026,2026-09-30,REAL DIDACHE Journal of Christian Education,article,0,https://doi.org/10.53547/xdzbbq66,True,https://openalex.org/W7214972993
theology,Educational Policy for Muslim Minorities in Germany: Identity Preservation in a Globalized Era,Zarqa Zulifqar Zarqa Zulifqar,2026,2026-09-30,Zenodo (CERN European Organization for Nuclear Research),book,0,https://doi.org/10.5281/zenodo.23051356,True,https://openalex.org/W7214973160
theology,Where Scripture Stops,"ESTILL, DOUGLAS, PhD.",2026,2026-09-30,Zenodo (CERN European Organization for Nuclear Research),other,0,https://doi.org/10.5281/zenodo.23067425,True,https://openalex.org/W7214962767
theology,"Missionization, Conversion, and Whiteness",Sarah Riccardi‐Swartz; Candace Lukasik,2026,2026-09-30,,book-chapter,0,https://doi.org/10.4324/9781032715810-5,False,https://openalex.org/W7214957819
theology,Global South Theology as Theological and Missiological Imperative: Decolonising Christian Theological Discourse,Godfrey Harold,2026,2026-09-30,Religions,article,0,https://doi.org/10.3390/rel17101151,True,https://openalex.org/W7214958904
theology,Where Scripture Stops,"ESTILL, DOUGLAS, PhD.",2026,2026-09-30,Zenodo (CERN European Organization for Nuclear Research),other,0,https://doi.org/10.5281/zenodo.23067424,True,https://openalex.org/W7214958676
theology,ПРАКТИЧЕСКАЯ АБСУРДОЛОГИЯ. ТОМ 15: РАСКОМПИЛЯЦИЯ THE LAST OF US,A. BARTSEVICH; K. Ai,2026,2026-09-30,Zenodo (CERN European Organization for Nuclear Research),dataset,0,https://doi.org/10.5281/zenodo.23054024,True,https://openalex.org/W7214982017
theology,Authoritarianism and Antisemitism,Daniel Burston,2026,2026-09-30,,book-chapter,0,https://doi.org/10.4324/9781042005017-2,False,https://openalex.org/W7214957115
theology,"Faith, Leadership, and Gender Justice: The Role of Zaoga FIF in Promoting Women‘s Agency in Church Governance and Community Development",Robert Chirima,2026,2026-09-30,Futures The Zimbabwe Ezekiel Guti University Journal of Leadership Governance and Development,article,0,https://doi.org/10.71458/k3rxq562,False,https://openalex.org/W7214956260
theology,"Judea, Samaria & Gaza",Hill Judah,2026,2026-09-30,Zenodo (CERN European Organization for Nuclear Research),article,0,https://doi.org/10.5281/zenodo.23067621,True,https://openalex.org/W7214953264
theology,The Theological Dimensions of the Tension Between Fiṭrah and Tabīʿah,İlhan Yıldız,2026,2026-09-30,Amasya Sosyal Bilimler Araştırmaları Dergisi,article,0,https://doi.org/10.70869/asbad.1913273,True,https://openalex.org/W7214952514
theology,نظرية السقيفة من منظور أكاديمي موضوعي,Ghaith Abdul-Rahim,2026,2026-09-30,Zenodo (CERN European Organization for Nuclear Research),book-chapter,0,https://doi.org/10.5281/zenodo.23052862,True,https://openalex.org/W7214952189
theology,Celibacy as Charism and Vocation in the Life of Capuchin Friars,Ricardo Gowasa; Triman Sihura,2026,2026-09-30,Media Jurnal Filsafat dan Teologi,article,0,https://doi.org/10.53396/media.v7i2.940,True,https://openalex.org/W7214949223
theology,"A CENTURY OF WISDOM AND LIGHT: Jnana Deepa, 1926-2026",Kuruvilla Pandikattu,2026,2026-09-30,Zenodo (CERN European Organization for Nuclear Research),book,0,https://doi.org/10.5281/zenodo.23053066,True,https://openalex.org/W7214948819
theology,"Картирование семиотики религии: исторические, методологические и междисциплинарные трекектории от прото-семиотики к текстуальной экзегезе",Антониус Самир Мунир,2026,2026-09-30,ΠΡΑΞΗMΑ Journal of Visual Semiotics,article,0,https://doi.org/10.23951/2312-7899-2026-3-157-177,True,https://openalex.org/W7214979371
theology,"DOMESTIC PURITY, CATHOLIC VIRTUE, AND THE THEOLOGY OF CONTAINMENT IN THE ANTE-ROOM BY KATE O’BRIEN",Corina Mariana Mitrulescu,2026,2026-09-30,Studia Universitatis Babeș-Bolyai Philologia,article,0,https://doi.org/10.24193/subbphilo.2026.3.06,True,https://openalex.org/W7214984612
theology,American Orthodoxy or Orthodoxy in the United States?,Sarah Riccardi‐Swartz; Candace Lukasik,2026,2026-09-30,,book-chapter,0,https://doi.org/10.4324/9781032715810-6,False,https://openalex.org/W7214982864
eschatology,The End Times in and After Philippe Thomassin’s Last Judgment (1606),Ianick Takaes,2026,2026-09-30,Arts,article,0,https://doi.org/10.3390/arts15100229,True,https://openalex.org/W7214947924
church fathers,Embodied Performance Through the Indita Ballad of the US Southwest Borderlands,Carmella Scorcia Pacheco,2026,2026-09-30,Athens Journal of History,article,0,https://doi.org/10.30958/ajhis.12-4-2,True,https://openalex.org/W7214892824
incarnation,"Remarks on the conjectures of Capparelli, Meurman, Primc and Primc",Shashank Kanade; Matthew C. Russell; Shunsuke Tsuchioka; S. Ole Warnaar,2026,2026-09-30,Selecta Mathematica,article,0,https://doi.org/10.1007/s00029-026-01198-y,True,https://openalex.org/W4394591349
incarnation,A Proposed Categorical Systems Theory: Mathematical Foundations for Engineering Complex Systems,Oregon State Unievrsity; Javier Calvo‐Amodio,2026,2026-09-30,,conference-paper,0,https://doi.org/10.21872/annual2025_6849,False,https://openalex.org/W7214937547
incarnation,The Evolution of the Visual Symbols of the Chinese Mythological Character Nezha from the 12th to the 21st Century,Xiuhua Zhao; Olga Yezhova; Kalina Pashkevych,2026,2026-09-30,Wacana Seni Journal of Arts Discourse,article,0,https://doi.org/10.21315/ws2026.25.2.1,True,https://openalex.org/W7214976430
Christian anthropology,CRAFT: Exploring Wearable Creative AI on Smart Glasses for Fiction Writing in Real-World Contexts,Runze Cai; Yuxuan Huang; Lin-Ping Yuan; Kexin Xiang; David Hsu; Collier Nogues; Jussi Holopainen; Shengdong Zhao,2026,2026-09-30,Proceedings of the ACM on Interactive Mobile Wearable and Ubiquitous Technologies,article,0,https://doi.org/10.1145/3831952,True,https://openalex.org/W7171051703
Christian anthropology,Fusion of Fiction and Philosophy: Human Existence in a World Without Eternal Return,Muhammad Asif,2026,2026-09-30,Journal of Creative Research in English Literature and Culture,article,0,https://doi.org/10.25125/jcrelc-sep-2026-4,True,https://openalex.org/W7214989364
biblical interpretation,BETH-SHEMESH AND THE CHARACTERIZATION OF SAMSON: A NARRATIVE AND GEOGRAPHICAL ANALYSIS OF JUDGES 13–16,Breno Henrique Ferreira de Oliveira,2026,2026-09-30,Artefactum,article,0,https://doi.org/10.23900/artefactum.v25i9.4434,True,https://openalex.org/W7214897382
eschatology,"Bamiyan, Aži Dahāka, and the Pre-Arab Origins of Zahhak",Cohistani Bilal,2026,2026-09-30,Zenodo (CERN European Organization for Nuclear Research),article,0,https://doi.org/10.5281/zenodo.23067361,True,https://openalex.org/W7214903240
eschatology,A Reflection on Eschatological Hope Concerning Purgatory: The Meaning of the Doctrine of Purification after Death,Hyeongjin Myeong,2026,2026-09-30,신학전망,article,0,https://doi.org/10.22504/tp.2026.9.234.73,False,https://openalex.org/W7214947505
eschatology,"Bamiyan, Aži Dahāka, and the Pre-Arab Origins of Zahhak",Cohistani Bilal,2026,2026-09-30,Zenodo (CERN European Organization for Nuclear Research),article,0,https://doi.org/10.5281/zenodo.23067362,True,https://openalex.org/W7214958283
theology,Orthodox Christianity in America,Sarah Riccardi‐Swartz; Candace Lukasik,2026,2026-09-30,,book,0,https://doi.org/10.4324/9781032715810,False,https://openalex.org/W7214983895
recapitulation,Conclusion,Arnaud Petit,2026,2026-09-30,,book-chapter,0,https://doi.org/10.1093/9780197925300.003.0006,False,https://openalex.org/W7214935187
recapitulation,Upregulation of NFκB2 transcription factor gene towards human norovirus virus-like particle replication in microfold cells three-dimensional co-culture model,Emilly Sion; Sharaniza Ab Rahim; Mudiana Muhamad,2026,2026-09-30,Asia-Pacific Journal of Molecular Biology and Biotechnology,article,0,https://doi.org/10.35118/apjmbb.2026.034.3.04,True,https://openalex.org/W7214987346
theology,عميت عين لا تراك,عبداللطيف والي الجياشي; Abdullatif Wali Aljyashy,2026,2026-09-30,,book,0,https://doi.org/10.5281/zenodo.21538519,True,https://openalex.org/W7170295759
Christian theology,Between Authority and Orthodoxy,Cyril Adrian Francis Chilson,2026,2026-09-30,Wydawnictwo Uniwersytetu Łódzkiego eBooks,book,0,https://doi.org/10.18778/8445-022-2,False,https://openalex.org/W7214999590
Christian theology,Education for Social Justice in Post-Apartheid South Africa,Kerry J. Kennedy; Pinky Makoe; Hellen Agumba,2026,2026-09-30,,book-chapter,0,https://doi.org/10.4324/9781003678090-2,False,https://openalex.org/W7214993685
Christian theology,"Theology After the Small Universe: Science, Space, Time, and the Future of Christian Thought",Daniel J. Grace,2026,2026-09-30,Zenodo (CERN European Organization for Nuclear Research),article,0,https://doi.org/10.5281/zenodo.23057189,True,https://openalex.org/W7214991986
theology,Minahasa Local Wisdom Mapalus: A Contextual Interpretation of Pope Leo XIV's Apostolic Exhortation Dilexi Te,Ventje Felix Runtulalo; Emanuel Martasudjita; Armada Riyanto; Liberatus Mayabubun,2026,2026-09-30,Media Jurnal Filsafat dan Teologi,article,0,https://doi.org/10.53396/media.v7i2.964,True,https://openalex.org/W7214987961
theology,US Orthodoxy in the Twenty-First Century,Sarah Riccardi‐Swartz; Candace Lukasik,2026,2026-09-30,,book-chapter,0,https://doi.org/10.4324/9781032715810-7,False,https://openalex.org/W7214948266
theology,DEVELOPING SHARIAH ACCOUNTABILITY FRAMEWORK FOR ARTIFICIAL INTELLIGENCE IN HEALTHCARE USING THE FUZZY DELPHI METHOD,Ahmad Safwan Yunos; Muhammad Danial Hakimi Nor Shaifulizam; Mohammad Naqib Hamdan; Zahin Mohamad Tahir,2026,2026-09-30,Journal of Fatwa Management and Research,article,0,https://doi.org/10.33102/jfatwa.vol31no3.822,True,https://openalex.org/W7214984468
theology,Rekonstruksi Teologi Ibadah berdasarkan Yeremia 1:1-19: Analisis Pola Initiative-Word-Sending sebagai Dasar Liturgi Kristen,Sabriel Milleanno Lappu; Shan Bhanuaji,2026,2026-09-30,CHARISTHEO Jurnal Teologi dan Pendidikan Agama Kristen,article,0,https://doi.org/10.54592/jct.v6i1.398,True,https://openalex.org/W7214948760
imago Dei,Dipulihkan dalam Kristus: Menghidupi Kembali Gambar Allah yang Rusak bagi Pemuda-Pemudi GPdI Elshaday Natar,Rudi Roberto Walean; Vrence Mika Mamoribo; Arjuanto Adu; Yoseph Viky Bria; Crisyanto Welerubun; Imanuel Hutagalung; Benyamin Buky,2026,2026-09-30,,article,0,https://doi.org/10.59002/jpkma.v3i2.222,False,https://openalex.org/W7214926759
theology,Who Bewitched Nigerians? Survival Strategies for Socio-Economic Hardship,Helen I. A. Oyekanmi; Helen Ishola-Esan,2026,2026-09-30,Zenodo (CERN European Organization for Nuclear Research),book,0,https://doi.org/10.5281/zenodo.23066289,True,https://openalex.org/W7214945972
theology,"Christa L. McKirkland, A Theology of Authority: Rethinking Leadership in the Church (Grand Rapids, MI: Baker Academic, 2025), pp. x + 273. $32.99",Michael Yorke,2026,2026-09-30,Scottish Journal of Theology,article,0,https://doi.org/10.1017/s0036930626101707,False,https://openalex.org/W7214904328
theology,Historical Roots of Anthropological and Spiritual Dualisms: Implications for Christian Ecotheology,Emilio Chuvieco,2026,2026-09-30,Religions,article,0,https://doi.org/10.3390/rel17101154,True,https://openalex.org/W7214900067
theology,Insight to Formal Structure: Discovery Provenance and Research Method (v1.1),Sung Min Kim,2026,2026-09-30,Zenodo (CERN European Organization for Nuclear Research),article,0,https://doi.org/10.5281/zenodo.23004802,True,https://openalex.org/W7214577126
theology,Comparative Analysis of the Thought of Ibn Taymiyyah and Allama Iqbal,Dr. Urwa Waheed Sulemani; DR. TALIB HUSSAIN HASHMI,2026,2026-09-30,تحقیق و تجزیہ,article,0,https://doi.org/10.67798/tot.v4i03.231,True,https://openalex.org/W7214893897
theology,عميت عين لا تراك,عبداللطيف والي الجياشي; Abdullatif Wali Aljyashy,2026,2026-09-30,Zenodo (CERN European Organization for Nuclear Research),book,0,https://doi.org/10.5281/zenodo.23064960,True,https://openalex.org/W7214894027
theology,The Apocalyptic Salvation in the Mythopoesis of Hölderlin and Chun-su Kim: From the Theological Perspective of Karl Barth,Oh Ju-ri,2026,2026-09-30,Literature and Religion,article,0,https://doi.org/10.14376/lar.2026.31.3.109,False,https://openalex.org/W7214892756
theology,Appropriation of the Orthodox Faith,Nataliia Sinkevych,2026,2026-09-30,,book-chapter,0,https://doi.org/10.4324/9781042003440-4,False,https://openalex.org/W7214892550
theology,The Greening of Religion in Laudato si’: From the Critique of Anthropocentrism to Integral Ecology,Stanisław Fel; Jarosław Kozak; Markus Vogt,2026,2026-09-30,Religions,article,0,https://doi.org/10.3390/rel17101152,True,https://openalex.org/W7214889460
theology,"Healing the Moral Self: Al-Ghazālī’s Psychology of the Heart and Moral Injury, with Implications for Muslim Mental Health and Spiritual Care in Indonesia",Ade Kosasih; Iyus Yosep; Undang Ahmad Darsa; Rohman Hikmat; Muntazhar Nur Syabana; Roxsana Devi Tumanggor,2026,2026-09-30,Journal of Religion and Health,article,0,https://doi.org/10.1007/s10943-026-02804-1,False,https://openalex.org/W7214889364
theology,"Orthodoxy, Rights, and American Civil Society",Sarah Riccardi‐Swartz; Candace Lukasik,2026,2026-09-30,,book-chapter,0,https://doi.org/10.4324/9781032715810-4,False,https://openalex.org/W7214888641
theology,Insight to Formal Structure: Discovery Provenance and Research Method (v1.1),Sung Min Kim,2026,2026-09-30,Zenodo (CERN European Organization for Nuclear Research),article,0,https://doi.org/10.5281/zenodo.23062317,True,https://openalex.org/W7214888499
theology,Introduction,Sarah Riccardi‐Swartz; Candace Lukasik,2026,2026-09-30,,book-chapter,0,https://doi.org/10.4324/9781032715810-1,False,https://openalex.org/W7214894261
theology,Hijacking the Intellect:,Kenneth J Howell,2026,2026-09-30,Figshare,preprint,0,https://doi.org/10.6084/m9.figshare.34037040,True,https://openalex.org/W7214886683
theology,Emigrant: Postava žijící v chronotopu,Petr Kobzev,2026,2026-09-30,,other,0,https://doi.org/10.22501/rc.4896458,True,https://openalex.org/W7214885668
theology,"False Prophecy and Prophetic Ethics: A Contextual Exegetical Analysis of Jeremiah 23:26-32 and Its Relevance to The Christ Apostolic Church, Nigeria",Babayemi Omoleye AGBELUSI; Oluwaseyi Nathaniel Shogunle; Kehinde Emmanuel Obasola,2026,2026-09-30,International Journal of Multidisciplinary and Innovative Research,article,0,https://doi.org/10.58806/ijmir.2026.v3i9n08,True,https://openalex.org/W7214599413
theology,دلالة الجهاد الكبير في سورة الفرقان وأبعاده التفسيرية,علي فاضل كمال,2026,2026-09-30,Journal of Imam Al-Kadhum College,article,0,https://doi.org/10.61710/v10/i3/s9,True,https://openalex.org/W7214717451
theology,الإمبراطورية والمنفى والاضمحلال: القوى السياسية والكونية في ديوان فادي جودة مشدود إلى النجوم,حسين كاظم جلاب,2026,2026-09-30,Journal of Imam Al-Kadhum College,article,0,https://doi.org/10.61710/v10/i3/s28,True,https://openalex.org/W7214736655
theology,«Образ Страшного суда» как пример многофигурной композиции в «мягком пейзаже» ветковской иконописной традиции,О.В. Афанасьева,2026,2026-09-30,Iskusstvo Evrazii [The Art of Eurasia],article,0,https://doi.org/10.46748/arteuras.2026.03.001,True,https://openalex.org/W7214762956
theology,PULPIT SEBAGAI PUSAT PEMBERITAAN FIRMAN TUHAN (Studi Teologi Sistematika Terhadap Teologi Martin Luther Tentang Pemberitaan Injil Yang Murni dan Eksistensinya Sebagai Ciri Gereja Yang Benar Menurut Konfesi HKBP Tahun 1996 Pasal 7 Ayat 1),Lintong Green Light Nababan; Pintor Marihot Sitanggang,2026,2026-09-30,Pasolo.,article,0,https://doi.org/10.70420/pasolo.v3i2.318,True,https://openalex.org/W7214776134
theology,Refleksi Teologis Mengenai Ruang Digital Sebagai Locus Formasi Spiritualitas Kristen,Marde Christian Stenly Mawikere; Sudiria Hura; Jean Calvin Riedel Mawikere; Daniella Beauty Melanesia Mawikere,2026,2026-09-30,Pasolo.,article,0,https://doi.org/10.70420/pasolo.v3i2.319,True,https://openalex.org/W7214799141
theology,Educational Policy for Muslim Minorities in Germany: Identity Preservation in a Globalized Era,Zarqa Zulifqar Zarqa Zulifqar,2026,2026-09-30,Zenodo (CERN European Organization for Nuclear Research),book,0,https://doi.org/10.5281/zenodo.23051355,True,https://openalex.org/W7214944258
theology,"Judea, Samaria & Gaza",Hill Judah,2026,2026-09-30,Zenodo (CERN European Organization for Nuclear Research),article,0,https://doi.org/10.5281/zenodo.23067622,True,https://openalex.org/W7214894952
theology,Meningkatkan Intensitas Religiusitas Pria/Kaum Bapa dalam Kehidupan Bergereja,Agnesia Angreiny Tangkulung; Geraldo Lumangkun; Friendly Blessing Alexander,2026,2026-09-30,Pasolo.,article,0,https://doi.org/10.70420/pasolo.v3i2.286,True,https://openalex.org/W7214806104
theology,"The Linguistics and Theology of Defining, Understanding, Misunderstanding, Liking and Disliking Jews and Judaism",Ori Z. Soltes,2026,2026-09-30,Athens Journal of Humanities and Arts,article,0,https://doi.org/10.30958/ajha.13-4-1,True,https://openalex.org/W7214885473
theology,Who Bewitched Nigerians? Survival Strategies for Socio-Economic Hardship,Helen I. A. Oyekanmi; Helen Ishola-Esan,2026,2026-09-30,Zenodo (CERN European Organization for Nuclear Research),book,0,https://doi.org/10.5281/zenodo.23066288,True,https://openalex.org/W7214903551
theology,The Operational Field Theory of Affective Transmutation: A Grand Unified Theory Synthesizing Theological Theodicy with Psychodynamic Calculus,Maurice Patrick O'Connor,2026,2026-09-30,Zenodo (CERN European Organization for Nuclear Research),article,0,https://doi.org/10.5281/zenodo.23068689,True,https://openalex.org/W7214900057
theology,"Natalie Carnes, Attunement: The Art and Politics of Feminist Theology (Oxford: OUP, 2024), pp. xxi + 166. $39.95",Rosemary P. Carbine,2026,2026-09-30,Scottish Journal of Theology,article,0,https://doi.org/10.1017/s0036930626101677,False,https://openalex.org/W7214904478
theology,Perang Yahwe dan Kasih Kepada Musuh:Transformasi Etika dalam Pembacaan Kanonik Perjanjian Lama dan Perjanjian Baru,Firman Panjaitan,2026,2026-09-30,CHARISTHEO Jurnal Teologi dan Pendidikan Agama Kristen,article,0,https://doi.org/10.54592/jct.v6i1.469,True,https://openalex.org/W7214926968
theology,"The Gentle Yoke of Christ: Matthew 11:28–30, Reformed Pastoral Theology, and the Recovery of Rest in Contemporary Ministry",Daniel J. Grace,2026,2026-09-30,Zenodo (CERN European Organization for Nuclear Research),article,0,https://doi.org/10.5281/zenodo.23071321,True,https://openalex.org/W7214942344
theology,"THE INSTITUTIONALIZATION OF THE ARMENIAN GREGORIAN CHURCH (5TH–8TH CENTURIES): AN ANALYSIS FROM THE PERSPECTIVES OF STATE, NATION, AND CULTURAL FORMATION",Cabir OSMANLI; Tuğba Erol,2026,2026-09-30,Review of Armenian Studies,article,0,https://doi.org/10.54842/ras.1922978,False,https://openalex.org/W7214940028
theology,"Evil as attempted closure: Kierkegaard on selfhood, freedom, and faith",Wenlin Zhang,2026,2026-09-30,International Journal for Philosophy of Religion,article,0,https://doi.org/10.1007/s11153-026-10031-7,False,https://openalex.org/W7214935840
theology,Works for 9/29/2026 - Dennis Hoskins,Ryan MacLean,2026,2026-09-30,Zenodo (CERN European Organization for Nuclear Research),conference-paper,0,https://doi.org/10.5281/zenodo.23049258,True,https://openalex.org/W7214935600
theology,Kant’s Metaphysical Framework: A Critical Study in the Context of the Islamic Conception of Knowledge and Ethics,Hassan Ijaz,2026,2026-09-30,Al-Qamar,article,0,https://doi.org/10.53762/alqamar.09.03.05,True,https://openalex.org/W7214934757
theology,Faith in Public,,2026,2026-09-30,African Sun Media eBooks,book,0,https://doi.org/10.52779/9781991538017,False,https://openalex.org/W7214933341
theology,Decolonizing Engineering Education: A Systems Approach to Global Accreditation and Indigenous Knowledge Integration,Marie Kathlyn De Guzman; Chien Hwa Chong,2026,2026-09-30,Jurnal Kejuruteraan,article,0,https://doi.org/10.17576/jkukm-2026-38(6)-23,True,https://openalex.org/W7214931725
theology,"Salib Yesus: Antara Simbol Sakral, Estetika, dan Komersial",Yustinus Yustinus,2026,2026-09-30,CHARISTHEO Jurnal Teologi dan Pendidikan Agama Kristen,article,0,https://doi.org/10.54592/jct.v6i1.416,True,https://openalex.org/W7214931322
theology,Peran ESP (Englsh for Spesific Purpose) dalam Meningkatkan Kemampuan Membaca Literatur Teologi Berbahasa Inggris,Ribka Nasita Putri; Agus Prasetyo,2026,2026-09-30,Pasolo.,article,0,https://doi.org/10.70420/pasolo.v3i2.309,True,https://openalex.org/W7214929112
theology,"Theology After the Small Universe: Science, Space, Time, and the Future of Christian Thought",Daniel J. Grace,2026,2026-09-30,Zenodo (CERN European Organization for Nuclear Research),article,0,https://doi.org/10.5281/zenodo.23057190,True,https://openalex.org/W7214929052
theology,Psychological Distress among Clergy at a Nigerian Baptist Theological Seminary: A Convergent Mixed-Methods Study,Adeoye Oyewole; Adedotun Oyewole; Taiwo Alatishe; Samson Ojedokun,2026,2026-09-30,Advances in Research,article,0,https://doi.org/10.9734/air/2026/v27i51740,True,https://openalex.org/W7214908593
theology,"Respect for Differences, Prejudice, and Intrinsic Religious Motivation: A Quantitative Study on Theology Students",Metin Güven,2026,2026-09-30,Türkiye İlahiyat Araştırmaları Dergisi,article,0,https://doi.org/10.32711/tiad.2000069,True,https://openalex.org/W7214928252
theology,"The Gentle Yoke of Christ: Matthew 11:28–30, Reformed Pastoral Theology, and the Recovery of Rest in Contemporary Ministry",Daniel J. Grace,2026,2026-09-30,Zenodo (CERN European Organization for Nuclear Research),article,0,https://doi.org/10.5281/zenodo.23071320,True,https://openalex.org/W7214928470
theology,Hijacking the Intellect:,Kenneth J Howell,2026,2026-09-30,Figshare,preprint,0,https://doi.org/10.6084/m9.figshare.34037040.v1,True,https://openalex.org/W7214926745
theology,Works for 9/29/2026 - Dennis Hoskins,Ryan MacLean,2026,2026-09-30,Zenodo (CERN European Organization for Nuclear Research),conference-paper,0,https://doi.org/10.5281/zenodo.23049259,True,https://openalex.org/W7214920795
theology,Mercy and Justice in the Context of John 8:1-11: A Philosophy of Religion Perspective,John Clerk Koko; Emmanuel Echezolochi Amadi,2026,2026-09-30,Zenodo (CERN European Organization for Nuclear Research),article,0,https://doi.org/10.5281/zenodo.23065636,True,https://openalex.org/W7214910569
theology,"Cyber-Religiosity and the Rise of Virtual Sacred Spaces: Rethinking Worship, Ritual, and Authority in the Digital Age",PIUS BARINAADAA KII,2026,2026-09-30,JOURNAL OF HUMANITIES AND SOCIAL POLICY,article,0,https://doi.org/10.56201/jhsp.vol.12.no1.2026.pg55.69,False,https://openalex.org/W7214915633
theology,The Operational Field Theory of Affective Transmutation: A Grand Unified Theory Synthesizing Theological Theodicy with Psychodynamic Calculus,Maurice Patrick O'Connor,2026,2026-09-30,Zenodo (CERN European Organization for Nuclear Research),article,0,https://doi.org/10.5281/zenodo.23055627,True,https://openalex.org/W7214925708
theology,Makna Teologis Gerakan Membungkuk dalam Tata Perayaan Ekaristi (TPE) 2020 dengan Perspektif Etika Jawa,Atanasius Deimen Wahana Utama; Deandra Pangestu,2026,2026-09-30,Media Jurnal Filsafat dan Teologi,article,0,https://doi.org/10.53396/media.v7i2.894,True,https://openalex.org/W7214920708
theology,"A CENTURY OF WISDOM AND LIGHT: Jnana Deepa, 1926-2026",Kuruvilla Pandikattu,2026,2026-09-30,Zenodo (CERN European Organization for Nuclear Research),book,0,https://doi.org/10.5281/zenodo.23053065,True,https://openalex.org/W7214920094
theology,,,2026,2026-09-30,Bulletin of Toraighyrov University Humanities series,paratext,0,https://doi.org/10.48081/btouh3.2026/issn2710-3439,True,https://openalex.org/W7214921798
theology,Konseling Pastoral sebagai Bentuk Pendidikan Kristen bagi Perempuan Korban KDRT: Tinjauan Teologi Feminis di Jemaat Betel Pada,Eim  Indiriana Narendo; Asri Efriani Sauru,2026,2026-09-30,Regula Fidei Jurnal Pendidikan Agama Kristen,article,0,https://doi.org/10.33541/rfidei.v11i2.459,True,https://openalex.org/W7214922760
theology,Navigating Digital Faith Formation: Christian Education Strategies for Indonesian Gen Z in Online Gaming Addiction Contexts,I Putu Ayub Darmawan; Travis Duncan,2026,2026-09-30,REAL DIDACHE Journal of Christian Education,article,0,https://doi.org/10.53547/99z07p53,True,https://openalex.org/W7214925569
biblical interpretation,Historical debates over the physical reality of the wave function,Jacob A. Barandes,2026,2026-09-29,The European Physical Journal H,article,0,https://doi.org/10.1140/epjh/s13129-026-00129-x,True,https://openalex.org/W7128629922
biblical interpretation,The Adaptations of Prosperity Gospel in African Christianity: The Bayelsa State Experience,Simeon Doute Simeon,2026,2026-09-29,INTERNATIONAL JOURNAL OF RELIGIOUS AND CULTURAL PRACTICE,article,0,https://doi.org/10.56201/ijrcp.vol.11.no1.2026.pg32.43,False,https://openalex.org/W7214808580
biblical interpretation,The grammar of the Rohonc Codex,Levente Zoltán Király; Gábor Tokai,2026,2026-09-29,Cryptologia,article,0,https://doi.org/10.1080/01611194.2026.2693467,False,https://openalex.org/W7214953447
pneumatology,The Ki of the Spirit,Heup Young Kim,2026,2026-09-29,,book-chapter,0,https://doi.org/10.4324/9781042018253-3,False,https://openalex.org/W7214763647
Christian anthropology,Hirisi (Keşkek) as a ceremonial dish in a multicultural society: Culinary traditions in Hatay,Nurhayat İflazoğlu,2026,2026-09-29,Journal of Gastronomy Hospitality and Travel (joghat),article,0,https://doi.org/10.33083/joghat.2026.669,True,https://openalex.org/W7214971841
pneumatology,Works for 9/28/2026 - James Charles Stuart (King James VI of Scotland and I of England),Ryan MacLean,2026,2026-09-29,Zenodo (CERN European Organization for Nuclear Research),conference-paper,0,https://doi.org/10.5281/zenodo.23029043,True,https://openalex.org/W7214768300
pneumatology,Works for 9/28/2026 - James Charles Stuart (King James VI of Scotland and I of England),Ryan MacLean,2026,2026-09-29,Zenodo (CERN European Organization for Nuclear Research),conference-paper,0,https://doi.org/10.5281/zenodo.23029044,True,https://openalex.org/W7214746040
pneumatology,The Yin Spirit,Heup Young Kim,2026,2026-09-29,,book-chapter,0,https://doi.org/10.4324/9781042018253-6,False,https://openalex.org/W7214737522
church fathers,The Personal and the Political: The German Red Cross Suchdienst and the Search for Missing Germans After the Second World War,Frank Trentmann,2026,2026-09-29,Collections A Journal for Museum and Archives Professionals,article,0,https://doi.org/10.1177/15501906261488249,False,https://openalex.org/W7214963810
Christian anthropology,"The Wolkait Question: Historical Origins, Ethnic Federalism, and Territorial Contestation in Northwestern Ethiopia",Temesgen Woza Wonbera,2026,2026-09-29,Research Square,preprint,0,https://doi.org/10.21203/rs.3.rs-10537381/v1,True,https://openalex.org/W7214799762
Christian anthropology,NIGHTMARES OF OBSESSION AND REDEMPTION: THE WIND RISES (2013) AND OPPENHEIMER (2023),Maria Grajdian,2026,2026-09-29,"The International Conference ""Synergies in Communication""",conference-paper,0,https://doi.org/10.24818/sic/2025/05.01,True,https://openalex.org/W7214759317
church fathers,"Household words: textualising social relations in the correspondence of Bess of Hardwick's servants, c. 1550-1590",Felicity Lyn Maxwell,2026,2026-09-29,Enlighten: Theses (The University of Glasgow),dissertation,0,https://doi.org/10.5525/gla.thesis.5257,True,https://openalex.org/W1797489988
church fathers,"Musical Legacies, Memorials and Elegies: Commemorating William Sterndale Bennett",M. ALLIS,2026,2026-09-29,Nineteenth-Century Music Review,article,0,https://doi.org/10.1017/s1479409826101207,True,https://openalex.org/W7154660282
church fathers,"Transient recovery and renewed decline in HPV vaccination coverage in Cameroon after single-dose and gender-neutral vaccination: a secondary analysis of national immunisation coverage estimates, 2020–2025",Tambe Elvis Akem; Nnam Immaculate Muhzong,2026,2026-09-29,Research Square,preprint,0,https://doi.org/10.21203/rs.3.rs-11102680/v1,True,https://openalex.org/W7214644343
church fathers,INDIGENOUS HEALING (THROUGH) NARRATIVE IN MONA SUSAN POWER’S A COUNCIL OF DOLLS,Cornelia Vlaicu,2026,2026-09-29,"The International Conference ""Synergies in Communication""",conference-paper,0,https://doi.org/10.24818/sic/2025/04.04,True,https://openalex.org/W7214705897
church fathers,PRESERVING CULTURAL IDENTITY ACROSS BORDERS IN JOEL ZWICK’S MY BIG FAT GREEK WEDDING (2002),Monica Alina TOMA,2026,2026-09-29,"The International Conference ""Synergies in Communication""",conference-paper,0,https://doi.org/10.24818/sic/2025/07.02,True,https://openalex.org/W7214722610
church fathers,BRIDGING EAST AND WEST: EXPLORING CULTURAL HYBRIDITY IN AMEEN RIHANI’S THE BOOK OF KHALID,A. Masmoudi,2026,2026-09-29,"The International Conference ""Synergies in Communication""",conference-paper,0,https://doi.org/10.24818/sic/2025/04.02,True,https://openalex.org/W7214732851
church fathers,A New Specimen of the Krakow Type Stater / Nowy egzemplarz statera typu krakowskiego,Wioletta Pazowska,2026,2026-09-29,Notae Numismaticae - Numismatic Notes,article,0,https://doi.org/10.52800/ajst.1.20.a1,True,https://openalex.org/W7214746101
church fathers,THE ROLE OF RELIGION IN ANTI-COMMUNIST DISCOURSE IN COLD WAR TURKEY AS AN IDEOLOGICAL WEAPON,Ahmet ÇELİK,2026,2026-09-29,Uluslararası Anadolu Sosyal Bilimler Dergisi,article,0,https://doi.org/10.47525/ulasbid.1988435,True,https://openalex.org/W7214752770
church fathers,Coins from the Retentura (Sector XIII) of the Legio I Italica Fortress in Novae / Monety z retentury (sektor XIII) obozu legionowego Legio I Italica w Novae,Szymon Jellonek,2026,2026-09-29,Notae Numismaticae - Numismatic Notes,article,0,https://doi.org/10.52800/ajst.1.20.a4,True,https://openalex.org/W7214789983
eschatology,"The Devil’s Pandemonium: Philosophers, Heretics, and Crusading in Martin of León’s Commentary on John’s Revelation",Alexander Marx,2026,2026-09-29,Al-Masāq,article,0,https://doi.org/10.1080/09503110.2026.2731794,True,https://openalex.org/W7214741464
patristics,The Celebration of the Solemnity of the Epiphany in Eastern Christianity in the Context of the Emergence of the Feast of the Nativity (4th and 5th Centuries),Mirosław Mejzner,2026,2026-09-29,Verbum Vitae,article,0,https://doi.org/10.31743/vv.20520,True,https://openalex.org/W7214705747
Irenaeus,"Perkembangan Teologi Tentang ""Manusia Sebagai Gambar dan Rupa Allah""",Berkat Harefa; Epia Prianus Gulo,2026,2026-09-29,Jurnal Ungu Madahi,article,0,https://doi.org/10.63003/um.v1i2.72,True,https://openalex.org/W7214743794
incarnation,Christodao,Heup Young Kim,2026,2026-09-29,,book-chapter,0,https://doi.org/10.4324/9781042018253-5,False,https://openalex.org/W7214706006
theological anthropology,Between Secular Equality and Ecclesiastical Discernment: The Paradigm of Cultural Equality According to the European Union and the Synodal Path in Germany,Grzegorz Chojnacki,2026,2026-09-29,Verbum Vitae,article,0,https://doi.org/10.31743/vv.20565,True,https://openalex.org/W7214717485
theological anthropology,Imago Hominis : Artificial Intelligence as Moral Mirror and the Recovery of Creator Responsibility,Jay J. Oh; Michelle E. J. Oh,2026,2026-09-29,The Linacre Quarterly,article,0,https://doi.org/10.1177/00243639261487904,False,https://openalex.org/W7214757664
theological anthropology,Reconstructing Indigenous Self-Determination through Maqashid al-Shari'ah: An Inter-Madhhab Analysis of the O'Hongana Manyawa Community in Indonesia,Moh. Maulana; Abdul Maasba Magassing; Andi Suriyaman Mustari Pide; Nur Akifah Janur; Zulfahmi AR,2026,2026-09-29,Jurnal Pengabdian Hukum Indonesia (Indonesian Journal of Legal Community Engagement) JPHI,article,0,https://doi.org/10.15294/jphi.v9i2.54355,True,https://openalex.org/W7214784909
theological anthropology,How Narrative and Ritual Form Communities: Theological Orientations from Paul Ricoeur and Mary Douglas,Adam Sejbuk; Tereza Huspeková,2026,2026-09-29,Verbum Vitae,article,0,https://doi.org/10.31743/vv.20502,True,https://openalex.org/W7214790455
theological anthropology,"Catholic Political Formation Based on Jacques Maritain’s Personalism: A Pastoral Model in the Diocese of Bogor, Indonesia",Mateus Elbert Biliyandi,2026,2026-09-29,MELINTAS,article,0,https://doi.org/10.26593/dmf76b47,True,https://openalex.org/W7214975011
Christian anthropology,Baber Johansen (1936–2026),Malika Zeghal; William Graham,2026,2026-09-29,Review of Middle East Studies,article,0,https://doi.org/10.1017/rms.2026.10068,True,https://openalex.org/W7214740429
eschatology,"Buildings as animals, or, eschatological perspectives of modern Greek architecture",Kostas Tsiambaos,2026,2026-09-29,,book-chapter,0,https://doi.org/10.4324/9781003459484-6,False,https://openalex.org/W7214703405
biblical interpretation,“DO NOT LOOK BACK” - ORPHEAN INTERDICTION IN MYTH AND FAIRY TALES. A COMPARATIVE STUDY WITH EXAMPLES FROM THE ROMANIAN FOLKLORE,Ana RADU CHELARIU,2026,2026-09-29,"The International Conference ""Synergies in Communication""",conference-paper,0,https://doi.org/10.24818/sic/2025/06.01,True,https://openalex.org/W7214779712
Christian theology,ḤASAN AL-BAṢRĪ AND THE FRONTIERS OF EARLY ISLAM,Sami Bayrakcı; Hüseyin Gökalp,2026,2026-09-29,Kilis 7 December University Journal of Theology,article,0,https://doi.org/10.46353/k7auifd.1915390,True,https://openalex.org/W7214745298
Christian theology,"“Reasonable Creatures”: Young Male Readers of Advice Literature in Colonial New England, 1673–1767",Clare Marie Byers,2026,2026-09-29,Religion and American Culture A Journal of Interpretation,article,0,https://doi.org/10.1017/rac.2026.10074,True,https://openalex.org/W7214753737
Christian theology,Kompetensi Guru Pendidikan Agama Kristen (PAK) dalam Pengembangan dan Penyusunan Kurikulum yang Kontekstual,Lestari Lombu; Yerson Igrah Lombu; Cerlis Prima Waruwu; Afriani Manalu,2026,2026-09-29,Jurnal Pendidikan Agama dan Teologi,article,0,https://doi.org/10.59581/jpat-widyakarya.v4i3.6871,True,https://openalex.org/W7214783642
Christian theology,A Case for Covenant: Defining Christian Commitment Through Covenantal Fidelity,The Very Rev. Tyler C. Richards,2026,2026-09-29,Anglican Theological Review,article,0,https://doi.org/10.1177/00033286261488021,False,https://openalex.org/W7214739995
Christian theology,Kontekstualisasi Nilai Handep Hapakat dalam Konstruksi Teologi Perdamaian pada Masyarakat Dayak Ngaju di Kabupaten Kapuas,Malita Ariana; Cheterine Charoline; Cantika Sari Depi,2026,2026-09-29,Lewu Harmoni Jurnal Sosiologi Agama,article,0,https://doi.org/10.54170/ya48q496,True,https://openalex.org/W7214755075
Christian theology,Pengaruh Pelayanan Marturia Komunitas COOL Terhadap Pertumbuhan Kerohanian Jemaat Di Gereja GBI Holy Belitung,Tomi Chandra Kardo Sihombing; Stasia Daeng Badjie; Ester Octavia Pajaitan; David Mariepan; Herlina Sinaga; Afriani Manalu,2026,2026-09-29,Jurnal Pendidikan Agama dan Teologi,article,0,https://doi.org/10.59581/jpat-widyakarya.v4i3.6866,True,https://openalex.org/W7214733548
Christian theology,Why Did they Take after their Mothers?,Beatriz Garrigós García,2026,2026-09-29,The Journal of English Studies,article,0,https://doi.org/10.18172/jes.6675,True,https://openalex.org/W7214726736
Christian theology,Leadership with Integrity: Restoring Trust in Church Administration,Olalekan Fatiloro,2026,2026-09-29,Zenodo (CERN European Organization for Nuclear Research),article,0,https://doi.org/10.5281/zenodo.23046529,True,https://openalex.org/W7214785679
Christian theology,Kedaulatan Allah dan Eskatologi Kristen: Tinjauan Teologis Terhadap Eskalagi Geopolitik Global,Hafa’ahakhododo Gulo,2026,2026-09-29,Jurnal Ungu Madahi,article,0,https://doi.org/10.63003/um.v1i2.74,True,https://openalex.org/W7214761054
Christian theology,"The Limits of Dominion: Biblical Theology, Human Intervention, and Responsibility for the Future of Creation",Daniel J. Grace,2026,2026-09-29,Zenodo (CERN European Organization for Nuclear Research),article,0,https://doi.org/10.5281/zenodo.23026982,True,https://openalex.org/W7214725619
Christian theology,Makna Teologis Roti Dan Anggur Dalam Sakramen Perjamuan Kudus: Kajian Historis Hingga Reformasi Protestan,Dedi Ritonga; Pintor Marihot Sitanggang,2026,2026-09-29,Pasolo.,article,0,https://doi.org/10.70420/pasolo.v3i2.316,True,https://openalex.org/W7214762599
Christian theology,Signifikansi Spiritualitas Kristen Dalam Berapologetika,Daniel Reynaldi Andrias,2026,2026-09-29,Jurnal Ungu Madahi,article,0,https://doi.org/10.63003/um.v1i2.73,True,https://openalex.org/W7214764747
Christian theology,Conclusion,Heup Young Kim,2026,2026-09-29,,book-chapter,0,https://doi.org/10.4324/9781042018253-10,False,https://openalex.org/W7214771687
Christian theology,Leadership with Integrity: Restoring Trust in Church Administration,Olalekan Fatiloro,2026,2026-09-29,Zenodo (CERN European Organization for Nuclear Research),article,0,https://doi.org/10.5281/zenodo.23046528,True,https://openalex.org/W7214779366
Christian theology,Urban Mission in Acts and Its Relevance for Contemporary Missiology in Abuja: A Contextual Reassessment of Apostolic Mission Paradigms,Sunday Alade Jude AREMU,2026,2026-09-29,Zenodo (CERN European Organization for Nuclear Research),article,0,https://doi.org/10.5281/zenodo.23046009,True,https://openalex.org/W7214726106
Christian theology,Penerapan Nilai Kasih Secara Teologis Terhadap Pembentukan Karakter Anak Sejak Dini,Sanra Noni Saresi Talan,2026,2026-09-29,Jurnal Ungu Madahi,article,0,https://doi.org/10.63003/um.v1i2.49,True,https://openalex.org/W7214790346
Christian theology,"A war of words: Wittgenstein, language games, and the loss of trust in the 21st century",Darrell Dooyema,2026,2026-09-29,Frontiers in Communication,article,0,https://doi.org/10.3389/fcomm.2026.1862032,True,https://openalex.org/W7214798207
Christian theology,"Investigation of the Impact of Queer Theology on the Beliefs, Identity, and Spiritual Formation of Christian Youths in Contemporary Society",Edward Zaman HILLARY,2026,2026-09-29,INTERNATIONAL JOURNAL OF RELIGIOUS AND CULTURAL PRACTICE,article,0,https://doi.org/10.56201/ijrcp.vol.11.no1.2026.pg1.9,False,https://openalex.org/W7214748207
Christian theology,Introduction,Heup Young Kim,2026,2026-09-29,,book-chapter,0,https://doi.org/10.4324/9781042018253-1,False,https://openalex.org/W7214724927
recapitulation,Analysis Of Delay Factors In The Tanjung Semarang Flat Construction Project Using The Schedule Performance Index,Ade Triono Situmorang; Wahyu Inggar Fipiana; Ida Deliyarti Agustina,2026,2026-09-29,Jurnal Ilmu Sosial dan Humaniora,article,0,https://doi.org/10.58540/isihumor.v4i4.2479,True,https://openalex.org/W7214788020
recapitulation,"Relapse vs Diagnosis in BEAT‑AML (Tyner et al., 2018; PMID: 30333627) : DRA v9 — BEAT‑AML Alternative Axis Block (ALT Version) A robust fallback for unstable computing environments.",Spiros Vlahopoulos,2026,2026-09-29,Zenodo (CERN European Organization for Nuclear Research),software,0,https://doi.org/10.5281/zenodo.23043408,True,https://openalex.org/W7214781157
Christian theology,"Membongkar Ableisme, Membangun Persekutuan yang Inkulisif: Membaca Teks Kisah Para Rasul 3:1-10 dengan Perspektif Disabilitas",Norce Adu,2026,2026-09-29,Loko Kada Tuo.,article,0,https://doi.org/10.70418/lkt.v4i1.130,True,https://openalex.org/W7214591133
Christian theology,"Artificial Intelligence, Clergy and Chronic Care",Lindsay B Carey; Harold G. Koenig; Terrence Hill; Ezra Gabbay; Piret Paal; Jeffery Cohen; David A. Drummond; Jacinda R. Carey,2026,2026-09-29,Journal of Religion and Health,article,0,https://doi.org/10.1007/s10943-026-02802-3,True,https://openalex.org/W7214646610
Christian theology,Spiritual Cultivation,Heup Young Kim,2026,2026-09-29,,book-chapter,0,https://doi.org/10.4324/9781042018253-7,False,https://openalex.org/W7214699238
Christian theology,Is Christian Spiritual Experience an Intellectual Form? Reflections on Edith Stein’s Endliches und ewiges Sein (Finite and Eternal Being),Piotr Pasterczyk,2026,2026-09-29,Verbum Vitae,article,0,https://doi.org/10.31743/vv.20450,True,https://openalex.org/W7214701294
recapitulation,"Long‐Term Human Skin Platform for Modeling Chronic Inflammation, Environmental Stress, and Therapeutic Intervention",Purnendu Kumar Sharma; Evelien Schaafsma; Elysia Anderson; Jocelyn Chiari; Paige Thompson; Erin Galt; Sunghoon Lee; Jason Scott Holsapple; Sai Hein; Bailey L Coates; Jade Michaud; Sabrina Zuccaro; Lia Kent; Chris Hinojosa; Kyung‐Jin Jang,2026,2026-09-29,Advanced Science,article,0,https://doi.org/10.1002/advs.78035,True,https://openalex.org/W7160332202
recapitulation,"Relapse vs Diagnosis in BEAT‑AML (Tyner et al., 2018; PMID: 30333627) : DRA v9 — BEAT‑AML Alternative Axis Block (ALT Version) A robust fallback for unstable computing environments.",Spiros Vlahopoulos,2026,2026-09-29,Zenodo (CERN European Organization for Nuclear Research),software,0,https://doi.org/10.5281/zenodo.21186197,True,https://openalex.org/W7167333509
recapitulation,Development of an Android Based Healthcare System,Salsabila Aliefia Anisa; Nur Aini Hutagalung; Iwan Setiawan,2026,2026-09-29,Jurnal Ilmiah Informatika dan Komputer,article,0,https://doi.org/10.69533/informatech.volume3number2.599,True,https://openalex.org/W7214661374
Christian theology,Can Humanity Be Saved without Being Overcome? Christian Anthropology and Transhumanism,Raymond R. Tjandrawinata; Andreas Bernadinus Atawolo,2026,2026-09-29,Devotion Journal of Research and Community Service,article,0,https://doi.org/10.59188/devotion.v7i9.25782,True,https://openalex.org/W7214995073
Christian theology,The Church as a Pilgrim in the Age of Commercialized Tourism: An Ecclesiological Essay,Antoni Nadbrzeżny,2026,2026-09-29,Verbum Vitae,article,0,https://doi.org/10.31743/vv.20549,True,https://openalex.org/W7214721094
recapitulation,Sistem Informasi Transaksi Penjualan Untuk Mendukung Optimalisasi Proses Bisnis Pada Kedai SiipScene Menggunakan Algoritma Apriori,Amelia Tely Nenobaisa; Anastasia Mude; Krisantus Thomas Rada,2026,2026-09-29,Jurnal Teknologi Dan Sistem Informasi Bisnis,article,0,https://doi.org/10.47233/jteksis.v8i4.307,True,https://openalex.org/W7214794207
recapitulation,Job Order Costing for Production Cost and Selling Price Decisions at Chariyah Catering,Muhammad Hasan; Nurwani Nurwani; Laylan Syafina,2026,2026-09-29,Advances in Taxation Research,article,0,https://doi.org/10.60079/atr.v4i3.1169,True,https://openalex.org/W7214803262
Christian theology,Urban Mission in Acts and Its Relevance for Contemporary Missiology in Abuja: A Contextual Reassessment of Apostolic Mission Paradigms,Sunday Alade Jude AREMU,2026,2026-09-29,Zenodo (CERN European Organization for Nuclear Research),article,0,https://doi.org/10.5281/zenodo.23046008,True,https://openalex.org/W7214701642
Christian theology,"Peran Pendidikan Agama Kristen Dalam Membangun Toleransi, Inklusivitas, Dialog, Dan Kehidupan Harmonis Di Masyarakat Majemuk",Jesika Anggraini Situmeang; Septina Tati Buaya; Bertayana Lumban Gaol; Netty Healthiana; Afriani Manalu,2026,2026-09-29,Jurnal Pendidikan Agama dan Teologi,article,0,https://doi.org/10.59581/jpat-widyakarya.v4i3.6870,True,https://openalex.org/W7214705749
Christian theology,"The Limits of Dominion: Biblical Theology, Human Intervention, and Responsibility for the Future of Creation",Daniel J. Grace,2026,2026-09-29,Zenodo (CERN European Organization for Nuclear Research),article,0,https://doi.org/10.5281/zenodo.23026981,True,https://openalex.org/W7214705891
Christian theology,Pneumatodao and the Way of the Spirit,Heup Young Kim,2026,2026-09-29,,book,0,https://doi.org/10.4324/9781042018253,False,https://openalex.org/W7214713157
Christian theology,The Dao of the Spirit,Heup Young Kim,2026,2026-09-29,,book-chapter,0,https://doi.org/10.4324/9781042018253-2,False,https://openalex.org/W7214716880
church fathers,"Some Remarks on the Pig in the Egyptian pBrooklyn 47.218.156, x+IV, 1",Stefan Bojowald,2026,2026-09-28,Athens Journal of Mediterranean Studies,article,0,https://doi.org/10.30958/ajms.12-4-2,True,https://openalex.org/W7214652468
eschatology,From Text to Culture: Metonymic Chains as a Tool for Functional Equivalence in Minority Language Bible Translation,Jean Paul Gotopo,2026,2026-09-28,The Bible Translator,article,0,https://doi.org/10.1177/20516770261486364,True,https://openalex.org/W7214648352
church fathers,"Traditional Healers and Colonial Doctors: Spiritual and Biomedical Approaches to Illness in Ado-Ekiti, 1900–1950",Oluwaseun Osadola,2026,2026-09-28,Yoruba Studies Review,article,0,https://doi.org/10.32473/ysr.11.2.143214,True,https://openalex.org/W7214665546
church fathers,Maker,Olivier C. Sterck; Madison Bakewell; Raphael Bradenbrink; Alexander Betts,2026,2026-09-28,,book-chapter,0,https://doi.org/10.1093/9780197916391.003.0011,True,https://openalex.org/W7214670081
church fathers,In Memoriam : James W. Wilkie,Peter Reich,2026,2026-09-28,The Americas A Quarterly Review of Latin American History,other,0,https://doi.org/10.1017/tam.2026.10211,True,https://openalex.org/W7214670195
Irenaeus,Occurrence Download,GBIF.org User,2026,2026-09-28,Global Biodiversity Information Facility,dataset,0,https://doi.org/10.15468/dl.htp2bp,True,https://openalex.org/W7214701499
church fathers,Pérez de Ribas’ Historia (1645) and the Protohistoric Period in Sonora and Southern Arizona,Daniel T. Reff,2026,2026-09-28,KIVA,article,0,https://doi.org/10.1080/00231940.2026.2727278,True,https://openalex.org/W7214642698
church fathers,"Harriet Law (1831–1897): Secularism, Feminism, and Socialist Internationalism",Laura Schwartz,2026,2026-09-28,International Labor and Working-Class History,article,0,https://doi.org/10.1017/s0147547926100301,True,https://openalex.org/W7214646491
church fathers,Nyaliak,Olivier C. Sterck; Madison Bakewell; Raphael Bradenbrink; Alexander Betts,2026,2026-09-28,,book-chapter,0,https://doi.org/10.1093/9780197916391.003.0009,True,https://openalex.org/W7214614999
church fathers,,,2026,2026-09-28,Athens Journal of Social Sciences,paratext,0,https://doi.org/10.30958/ajss_v13i4,True,https://openalex.org/W7214641137
church fathers,The Emergence of Iron Shipbuilding on the River Tyne: A Study of Entrepreneurial Agency,John F. Wilson; Mark Stoddart,2026,2026-09-28,The Business History Review,article,0,https://doi.org/10.1017/s0007680526101986,True,https://openalex.org/W7214597828
church fathers,A Not so Retro Problem: Extending Statutes of Limitations to Hold Institutions Responsible for Child Sexual Abuse Accountable under State Constitutions,Timothy J. Muyano,2026,2026-09-28,,preprint,0,https://doi.org/10.31219/osf.io/ksbu8_v1,True,https://openalex.org/W3037373917
church fathers,Support for Women with Disabilities for Healthy Life Trajectories from Preconception to Early Childhood: A Scoping Review,Noreth Muller‐Kluits; Caitlin Victoria Gardiner; Tsakani Hlungwani; Lerato Mohlomi; Neusa Fernanda Torres; Daniella Watson; Michelle; id_orcid 0000-0001-8647-6533 Pentecost,2026,2026-09-28,Women s Reproductive Health,article,0,https://doi.org/10.1080/23293691.2026.2713170,True,https://openalex.org/W7202008216
church fathers,,,2026,2026-09-28,Athens Journal of Mediterranean Studies,paratext,0,https://doi.org/10.30958/ajms_v12i4,True,https://openalex.org/W7214571759
church fathers,An Exploration of Domestic Violence and Factors Influencing Help-Seeking and Coping Mechanisms Among Hmong American Women,Jenny Chingkhannem Tonsing; Kareen N. Tonsing,2026,2026-09-28,Violence Against Women,article,0,https://doi.org/10.1177/10778012261492323,True,https://openalex.org/W7214572716
church fathers,Yorùbá and Medieval Plague: Could Sòpònná Originate as a Black Death Deity?,Noël Amherd,2026,2026-09-28,Yoruba Studies Review,article,0,https://doi.org/10.32473/ysr.11.2.143210,True,https://openalex.org/W7214574416
church fathers,"The Sound of Resistance: Music, Space, and Cultural Appropriation in Sinners",Deniz ALTIOK ERDURAN; Nuray Gümüştekin,2026,2026-09-28,Akdeniz Journal of Communication Studies,article,0,https://doi.org/10.31123/ajcs.1996161,True,https://openalex.org/W7214582493
church fathers,Arthur H. Cole: Rethinking Entrepreneurship in Society,Christina Lubinski,2026,2026-09-28,The Business History Review,article,0,https://doi.org/10.1017/s0007680526102013,True,https://openalex.org/W7214593337
church fathers,"“Circulating Revolutions: Ideas, Exchange, and the Atlantic Networks in the Revolutionary Era”: A Review Essay",Chloe Northrop,2026,2026-09-28,Itinerario,article,0,https://doi.org/10.1017/s0165115326101028,True,https://openalex.org/W7214597777
church fathers,UNITA’s Northern Front in the Angolan Civil War: A Tale of Two Captivities,Jon Schubert,2026,2026-09-28,African Studies Review,article,0,https://doi.org/10.1017/asr.2026.10296,True,https://openalex.org/W7214608720
church fathers,Family Policy: A Critical Overview of 60 Years of Scholarship,Mary Daly,2026,2026-09-28,Social Policy and Administration,article,0,https://doi.org/10.1111/spol.70116,True,https://openalex.org/W7214632768
church fathers,Russia’s occupation of eastern Ukraine: the cultural infrastructure of rule,Alex Averbuch,2026,2026-09-28,Canadian Slavonic Papers,article,0,https://doi.org/10.1080/00085006.2026.2712803,True,https://openalex.org/W7214613942
church fathers,Predictors of family size among currently married men in rural northwestern Nigeria,Sadiya Warshu; Iman Haruna; Rabiu Ibrahim Jalo; Aminatu A. Kwaku; Amina Ibrahim Braji; Aisha Aliyu Abulfathi,2026,2026-09-28,Pyramid Journal of Medicine,article,0,https://doi.org/10.4081/pjm.2026.566,True,https://openalex.org/W7214614289
incarnation,Pre-Calabi-Yau algebras and oriented gravity properad,Sergei Merkulov,2026,2026-09-28,Journal of Pure and Applied Algebra,article,0,https://doi.org/10.1016/j.jpaa.2026.108400,True,https://openalex.org/W4406734275
church fathers,Paul Hertz’ contribution to proof theory: normal-form results for deductions,Moritz Bodner,2026,2026-09-28,Archive for History of Exact Sciences,article,0,https://doi.org/10.1007/s00407-026-00377-9,True,https://openalex.org/W7214615192
church fathers,Spiritualitas Imam Diosesan dan Penghayatan Ketaatan Injili: Tinjauan Teologis dan Pastoral,Leonardo Kiloiz Efraim Petto,2026,2026-09-28,MELINTAS,article,0,https://doi.org/10.26593/mel.v41i3.263-280,True,https://openalex.org/W7214615722
church fathers,Elizabeth,Olivier C. Sterck; Madison Bakewell; Raphael Bradenbrink; Alexander Betts,2026,2026-09-28,,book-chapter,0,https://doi.org/10.1093/9780197916391.003.0007,True,https://openalex.org/W7214620767
church fathers,“Which homeland?”: Towards a postcolonial reading of Andrei Kurkov’s “penguin novels”,Kåre Johan Mjør,2026,2026-09-28,Poljarnyj vestnik,article,0,https://doi.org/10.7557/6.8618,True,https://openalex.org/W7214620789
church fathers,"The Reformation, the Nobility, and the Parish Church: Parish Church Burials of the Danish Higher Nobility, c. 1536–1559",Per Seesko-Tønnesen,2026,2026-09-28,Zapiski Historyczne,article,0,https://doi.org/10.15762/zh.2026.27,True,https://openalex.org/W7214621835
incarnation,The Micromechanical Measurement of Photothermal Expansion †,Luca G. Quaroni,2026,2026-09-28,Micromachines,article,0,https://doi.org/10.3390/mi17101129,True,https://openalex.org/W4287272855
incarnation,Evaluating intergenerational consequences by dominance: Efficiency when future identities are unobservable,Geir B. Asheim; Kohei Kamaga; Stéphane Zuber,2026,2026-09-28,Social Choice and Welfare,article,0,https://doi.org/10.1007/s00355-026-01674-6,True,https://openalex.org/W7214681387
incarnation,Gerakan #TolakGambarAI: Perlawanan Kolektif Seniman Digital dalam Menghadapi Gempuran Gambar Generative Artificial Intelligence,Firzana Naufalita Cahya Djumena; Ira Mirawati; Detta Rahmawan,2026,2026-09-28,Jurnal Perlindungan Tanaman Indonesia (Universitas Gadjah Mada),article,0,https://doi.org/10.22146/jmki.116440,True,https://openalex.org/W7213762626
incarnation,Are there substance dualist solutions to the non-identity problem?,Tarik Tijanovic,2026,2026-09-28,International Journal for Philosophy of Religion,article,0,https://doi.org/10.1007/s11153-026-10035-3,False,https://openalex.org/W7214572188
Christian anthropology,"Equal before time: on the sensory suspension of accumulated time in Sichuan, China",Angel Nayden,2026,2026-09-28,Journal of the Royal Anthropological Institute,article,0,https://doi.org/10.1111/1467-9655.70204,True,https://openalex.org/W7214622860
Christian anthropology,The [Re]Imagined state: The Central African Republic. Navigating liberal and postliberal state theorisation,Adrian M. Gallagher,2026,2026-09-28,Review of International Studies,article,0,https://doi.org/10.1017/s0260210526102150,True,https://openalex.org/W7214627389
Christian anthropology,Mangrove Rice Farming in Guinea Bissau,Filippo Camerini; Giovanni Maucieri,2026,2026-09-28,Sustainable development goals series,book-chapter,0,https://doi.org/10.1007/978-3-032-34135-8_3,True,https://openalex.org/W7214632872
Christian anthropology,Broken bodies in Domestic Spaces: Direct and Structural Violence in an Atypical Mortuary Dataset from Iron and Viking Age Scandinavia,Marianne Hem Eriksen; Verónica Tamorri; Vasiliki Louka; Emma Tollefsen; Kevin Kay; Jo Appleby,2026,2026-09-28,Journal of Archaeological Method and Theory,article,0,https://doi.org/10.1007/s10816-026-09817-w,True,https://openalex.org/W7214633405
Christian anthropology,Exploration on the Theory of Justice as the Theory of Reification of the Times,JuongMe Lee,2026,2026-09-28,International Journal of Social Science Studies,article,0,https://doi.org/10.11114/ijsss.v14i3.9336,True,https://openalex.org/W7214643030
Christian anthropology,"EL ENFOQUE DISCIPLINAR DE EDUCACIÓN FÍSICA CENTRADO EN LA PERSONA Y SU MOVIMIENTO: FUNDAMENTOS EPISTEMOLÓGICOS, IMPLICACIONES PEDAGÓGICAS Y DESAFÍOS PARA LA FORMACIÓN INTEGRAL",Alejandro Alberto López Niño,2026,2026-09-28,Editora Artemis eBooks,book-chapter,0,https://doi.org/10.37572/edart_28092627712,True,https://openalex.org/W7214643680
Christian anthropology,Lords of the Milpa: A Vase from Belize and the Maya Ninth-Century Political Crisis,Joanne P. Baron,2026,2026-09-28,Ancient Mesoamerica,article,0,https://doi.org/10.1017/s0956536126101047,True,https://openalex.org/W7214653956
Christian anthropology,Strategies of Spatial Politics: Yorùbá Market Women and Political Activisms across Time,Victoria Openif’Oluwa Akoleowo,2026,2026-09-28,Yoruba Studies Review,article,0,https://doi.org/10.32473/ysr.11.2.143216,True,https://openalex.org/W7214660956
imago Dei,Entre el Logos y el código: una lectura teológica crítica de la inteligencia artificial en la cultura digital,Daniel Castillo Gaona,2026,2026-09-28,Perspectiva Teológica,article,0,https://doi.org/10.20911/21768757v58n2e06378/2026,True,https://openalex.org/W7214612821
imago Dei,„…salvifice Crucis signum per tuam provinciam ante te facias buiulairi”. Symbole władzy arcybiskupów gnieźnieńskich w późnym średniowieczu,Zofia Wilk-Woś,2026,2026-09-28,Śląski Kwartalnik Historyczny Sobótka,article,0,https://doi.org/10.19195/2658-2082.81.3.7,True,https://openalex.org/W7214596834
recapitulation,PENGEMBANGAN MODUL PEMBELAJARAN BERBASIS AUGMENTED REALITY PADA MATERI BANGUN RUANG KELAS V SD,Lili Yovita; Rohana Rohana; Treny Hera,2026,2026-09-28,LEARNING Jurnal Inovasi Penelitian Pendidikan dan Pembelajaran,article,0,https://doi.org/10.51878/learning.v6i4.13589,True,https://openalex.org/W7214678191
recapitulation,Profitability Analysis of Travel Car Services on the Makassar–Selayar Route: A Comparative Perspective on Holiday Peak Season and Normal Mobility Conditions,Zakiah Khumaira; Mukhammad Idrus; Nurafni Oktaviyah,2026,2026-09-28,Jurnal Akuntansi Dan Keuangan West Science,article,0,https://doi.org/10.58812/jakws.v5i03.3932,True,https://openalex.org/W7214640990
recapitulation,Retinal organoid–based evaluation of icariin-loaded extracellular vesicles for hypoxia-induced retinal injury via mitochondrial modulation,Mira Park; Hyeoun Ji Kim; Yoon-Ha Go; Hey Jin Lee; Young Il Yang; Dong Hyuck Bae; Jong man Yoo; Helen Lew,2026,2026-09-28,Frontiers in Cell and Developmental Biology,article,0,https://doi.org/10.3389/fcell.2026.1891491,True,https://openalex.org/W7214636486
recapitulation,Assessment of intraspecific skull variation in the Campanian baenid turtle Plesiobaena antiqua,Scott Bellotti; Donald B. Brinkman; Serjoscha Evers; Walter G. Joyce; Yann Rollot,2026,2026-09-28,The Anatomical Record,article,0,https://doi.org/10.1002/ar.70352,True,https://openalex.org/W7214620479
recapitulation,"Advances and challenges of endometrial organoids in modeling endometrial function: basic, clinical, and future perspectives",Jiwen Tian; Jie Yang; Huawei Wang; Zhenfang Su; Tianqing Li; Li Tang,2026,2026-09-28,Frontiers in Bioengineering and Biotechnology,article,0,https://doi.org/10.3389/fbioe.2026.1910098,True,https://openalex.org/W7214607065
recapitulation,Spatial control of karyopherin binding avidity within NPC mimics revealed by designer FG-nucleoporins,Hendrik W. de Vries; Anders Barth; Alessio Fragasso; Tegan A. Otto; Ashmiani van den Berg; Eli O. van der Sluis; Erik Van der Giessen; Liesbeth M. Veenhoff; Cees Dekker; Patrick R. Onck,2026,2026-09-28,Nature Communications,article,0,https://doi.org/10.1038/s41467-026-77818-0,True,https://openalex.org/W7214587991
recapitulation,Group Climate Questionnaire as a Referent-Shift Consensus Measure: Actor-Partner Interdependence Modeling,Yue Chen; Xiaohua Xiao; Qian Yang; Yun Lu,2026,2026-09-28,Small Group Research,article,0,https://doi.org/10.1177/10464964261485581,True,https://openalex.org/W7214584837
eschatology,Pilgrimage,Kyle Terrence,2026,2026-09-28,,book-chapter,0,https://doi.org/10.4324/9781003799764-16,False,https://openalex.org/W7214652259
eschatology,Harapan Kristiani dalam Spe Salvi: Kontekstualisasi bagi Pendampingan Pastoral Penderita Kanker,Dominikus Waruwu,2026,2026-09-28,MELINTAS,article,0,https://doi.org/10.26593/mel.v41i3.255-262,True,https://openalex.org/W7214649508
eschatology,Experiences of the Elderly in Learning the Qur’an via the Al-Ishlah Method Within the Qur’anic Literacy Program,Nunung Nur Qomariah; Maya Ismayanti,2026,2026-09-28,Eduvest - Journal Of Universal Studies,article,0,https://doi.org/10.59188/eduvest.v6i9.53361,True,https://openalex.org/W7214527285
eschatology,"oetic Aesthetics and Qur’anic Numerology in Malay ‘Syair Nasihat’: A Semiotic Study of Rhyme, Meaning, and Spirituality",Asep Yudha Wirajaya; Bani Sudardi; Istadiyantha; Warto,2026,2026-09-28,Journal of Semiotics Arts and Religion,article,0,https://doi.org/10.33234/jsar.1.7,True,https://openalex.org/W7214584351
Christian anthropology,A Study On the Translation of Xia Culture in Chinese Online Xianxia Novels: A Medio-translatology Approach to Deathblade's Translations,Wei Huang,2026,2026-09-28,University Of Wales Trinity Saint David Research Repository (University of Wales Trinity Saint David),dissertation,0,https://doi.org/10.82227/repository.uwtsd.ac.uk.00004268,True,https://openalex.org/W7214617276
Christian anthropology,MATERNIDAD Y PATERNIDAD BAJO PRESIÓN EN EL ESTUDIO Y EL TRABAJO,Rocío Fuentes Valdivieso,2026,2026-09-28,Editora Artemis eBooks,book-chapter,0,https://doi.org/10.37572/edart_2809262777,True,https://openalex.org/W7214600107
Christian anthropology,WHAT ABOUT WANJIKŨ: THE PLIGHT OF LINGUISTIC DISCRIMINATION IN COURTS IN RURAL KENYA,Ashley Wangari,2026,2026-09-28,University of Nairobi Law Journal,article,0,https://doi.org/10.66563/bs3y9f24,True,https://openalex.org/W7214588777
theological anthropology,Communal Mysticism as a Social Contract: An Ethnographic Reinterpretation of Datu Legends in South Kalimantan,Faradina; Rusma Noortyani; Sainul Hermawan; Jumadi; Fatchul Mu’in,2026,2026-09-28,Journal of Semiotics Arts and Religion,article,0,https://doi.org/10.33234/jsar.1.1,True,https://openalex.org/W7214649746
incarnation,The Multidimensional Metaphorical Network and Ecological Philosophy in Emily Dickinson’s Garden Poetry,Jing Tian,2026,2026-09-28,Journal of Language,article,0,https://doi.org/10.64699/26iwsq4038,True,https://openalex.org/W7214576957
incarnation,"Point d'histoire : l’appel de Amadou-Mahtar M'Bow (UNESCO, 1978)",Jean-Michel Tobelem,2026,2026-09-28,OpenEdition (OpenEdition),other,0,https://doi.org/10.58079/16ugf,True,https://openalex.org/W7214588846
incarnation,A Flexible Archetype: The Havelī-Temple in the Vallabha Sampradāya Tradition,I. Nardi,2026,2026-09-28,Bridging the Continents,article,0,https://doi.org/10.25259/daf_btc_v1i1a1_2026,True,https://openalex.org/W7214601147
incarnation,A Reconfigurable FPGA Accelerator for Multi-Precision MLP Inference with Configurable Activation Functions and Parallel / Serial Processing Elements,Babak AlivandBonab,2026,2026-09-28,Preprints.org,preprint,0,https://doi.org/10.20944/preprints202609.2272.v1,True,https://openalex.org/W7214632155
incarnation,"Patterns, Threads and Tendencies: Metamodernism and the Memoirisation of British Biography",Dennis Kersten,2026,2026-09-28,European Journal of Life Writing,article,0,https://doi.org/10.21827/ejlw.15.42510,True,https://openalex.org/W7214637530
eschatology,Problems of Modern Russian Literature: Modernism,Lyudmila Guliyeva,2026,2026-09-28,EuroGlobal Journal of Linguistics and Language Education.,article,0,https://doi.org/10.69760/egjlle.2604001,True,https://openalex.org/W7214647695
theological anthropology,Divination and Danger in the Festival of Indra’s Banner,Marko Geslani,2026,2026-09-28,International Journal of Hindu Studies,article,0,https://doi.org/10.1007/s11407-026-09439-7,True,https://openalex.org/W7214576773
theological anthropology,Analisis Ayat-ayat al-Qur’an Pendididikan Islam Multikultural Perspektif Hermeneutika Fazlur Rahman,Abdul Hamid; Askhabul Kirom; Ahmad Marzuki,2026,2026-09-28,Al-Mudarris (Jurnal Ilmiah Pendidikan Islam),article,0,https://doi.org/10.23971/mdr.v9i3.11467,True,https://openalex.org/W7214610289
theological anthropology,FROM SUFFERING TO SURRENDER: SUFI PERSPECTIVES ON ADVERSITY AND RESILIENCE,Arzu Eylül Yalçınkaya; Cemalnur Sargut,2026,2026-09-28,Türk Kültürü ve HACI BEKTAŞ VELİ Araştırma Dergisi,article,0,https://doi.org/10.60163/tkhcbva.1767248,True,https://openalex.org/W7214640229
theological anthropology,"QUEM VAI DESLIGAR A INTELIGÊNCIA ARTIFICIAL GERAL (AGI)? O PAPEL DA EDUCAÇÃO NA MEDIAÇÃO ENTRE HUMANO, TECNOLOGIA E INTELIGÊNCIA ARTIFICIAL",Jonivánio Cassuada da Costa; Francisco Jacucha Cahuco Kimbanda; Levi Leonido Fernandes da Silva,2026,2026-09-28,Revista Expressão Católica,article,0,https://doi.org/10.25190/adk7vb04,True,https://openalex.org/W7214658837
Christian anthropology,"Echoes from Stone: Engaging with Autoethnography, Active Embodiment and Mythical Residue in the Cave of the Nympholept Near Vari, Greece",Tanja Sakota,2026,2026-09-28,Athens Journal of Mediterranean Studies,article,0,https://doi.org/10.30958/ajms.12-4-1,True,https://openalex.org/W7214580595
theological anthropology,"Beliefs and Moral Order in the Sisal Plantations of Tanga, Tanzania, 1920s–1960s",Manka Mtoi,2026,2026-09-28,The Historical Journal,article,0,https://doi.org/10.1017/s0018246x26102015,True,https://openalex.org/W7214660473
theological anthropology,"Making Makeshifts in a Storm: Fragments on Vision, Faith, and the Body",Alapa Odugbo,2026,2026-09-28,European Journal of Life Writing,article,0,https://doi.org/10.21827/ejlw.15.43523,True,https://openalex.org/W7214680059
theological anthropology,"The keys to the garden: Capital, class, and the repurposing of Persian mystical poetry in Los Angeles",Zia Khoshsirat,2026,2026-09-28,Journal of Linguistic Anthropology,article,0,https://doi.org/10.1111/jola.70076,True,https://openalex.org/W7214684063
theological anthropology,"Sexuality and Same-Sex Sex: A Matter of Morality or Anthropology—Theological Anthropology, Human Sciences, and Doctrinal Development in Church of England Debates",Charles J. M. Baczyk-Bell,2026,2026-09-28,Anglican Theological Review,article,0,https://doi.org/10.1177/00033286261493041,True,https://openalex.org/W7214762849
imago Dei,„Invictissimus dux Polonorum”. Źródłowe ślady strategii wizerunkowej Władysława I Hermana,Adam Krawiec,2026,2026-09-28,Śląski Kwartalnik Historyczny Sobótka,article,0,https://doi.org/10.19195/2658-2082.81.3.2,True,https://openalex.org/W7214634053
Christian anthropology,Race as a status marker in contemporary international society: The case of the ‘Japan Threat’ thesis,Shogo Suzuki,2026,2026-09-28,Review of International Studies,article,0,https://doi.org/10.1017/s0260210526102241,True,https://openalex.org/W7211788915
Christian anthropology,Constraints on the xylem safety-efficiency trade-off,Fon Robinson Tezeh; Roman  Mathias Link; Peter Petrík; Ronny Richter; Alexandra Weigelt; Christian Wirth; Bernhard M. Schuldt,2026,2026-09-28,bioRxiv (Cold Spring Harbor Laboratory),preprint,0,https://doi.org/10.64898/2026.09.25.754362,True,https://openalex.org/W7214573210
Christian anthropology,States of obfuscation: citizens’ experiences of bureaucracy and uncertainty in contemporary India,Grace Carswell; Geert De Neve,2026,2026-09-28,Oxford Development Studies,article,0,https://doi.org/10.1080/13600818.2026.2734525,True,https://openalex.org/W7214573679
Christian anthropology,"The Archaeology of the Transatlantic Trade in Peki, Ghana: Local Responses to Global Encounters in Atlantic West Africa",Benjamin Kofi Nutor; Kodzo Gavua,2026,2026-09-28,International Journal of Historical Archaeology,article,0,https://doi.org/10.1007/s10761-026-00834-9,True,https://openalex.org/W7214576692
recapitulation,Increasing complexity in vascular microphysiological systems: considerations and advances for disease modeling,Kate Katsouleas; Jennifer H. Hammel; Sharon Gerecht,2026,2026-09-28,Frontiers in Bioengineering and Biotechnology,article,0,https://doi.org/10.3389/fbioe.2026.1927687,True,https://openalex.org/W7214582591
incarnation,Topos as critique of the technological modern,Qiaoyu Cai,2026,2026-09-28,"Culture, theory and critique/Culture, theory & critique",article,0,https://doi.org/10.1080/14735784.2026.2713470,True,https://openalex.org/W7214629955
biblical interpretation,"“Can You Change the Past?” Biblical Figures, Narrative Therapy, and Faith in the Poetry of Israeli Poet Zelda",Rachel Ofer,2026,2026-09-28,Religions,article,0,https://doi.org/10.3390/rel17101138,True,https://openalex.org/W7214614315
Christian theology,Tithes and Offerings in Christian Stewardship: A Canonical Study of Giving from Abraham to the Apostolic Church,Augustine Odunayo Odesanmi,2026,2026-09-28,Zenodo (CERN European Organization for Nuclear Research),report,0,https://doi.org/10.5281/zenodo.23015043,True,https://openalex.org/W7214609972
Christian theology,"Reformation, Marriage, and Family Life in Finland",Sini Mikkola; Miia Kuha,2026,2026-09-28,Zapiski Historyczne,article,0,https://doi.org/10.15762/zh.2026.28,True,https://openalex.org/W7214625147
Christian theology,Perichoresis as Prophetic Ecology: A Trinitarian theological response to environmental injustice in Africa,Charles Nana K. Twumasi-Ankrah,2026,2026-09-28,E-Journal of Religious and Theological Studies,article,0,https://doi.org/10.38159/erats.20261282,True,https://openalex.org/W7214624827
Christian theology,Pro-Reformation Print on the Periphery of the European Book World: ‘Brand Olaus Petri’ and Publishing Strategies in a Swedish Print from 1527,Kajsa Weber,2026,2026-09-28,Zapiski Historyczne,article,0,https://doi.org/10.15762/zh.2026.26,True,https://openalex.org/W7214622955
Christian theology,"Before Theology Had a Name: Scripture, Worship, and the First Christian Arguments About God",Daniel J. Grace,2026,2026-09-28,Zenodo (CERN European Organization for Nuclear Research),article,0,https://doi.org/10.5281/zenodo.23004381,True,https://openalex.org/W7214620963
Christian theology,Basics Bibelauslegung. Von der Quellensuche zu neuen Erkenntnissen (Werkstatt Hochschule 8),Volker Grunert,2026,2026-09-28,Zenodo (CERN European Organization for Nuclear Research),book,0,https://doi.org/10.5281/zenodo.23012031,True,https://openalex.org/W7214619772
Christian theology,Homilia e querigma da paz: a atualização do Mistério Pascal diante dos discursos de guerra à luz do magistério de Leão XIV,Patrick da Silva Brandão,2026,2026-09-28,Perspectiva Teológica,article,0,https://doi.org/10.20911/21768757v58n2e06425/2026,True,https://openalex.org/W7214615281
Christian theology,Basics Bibelauslegung. Von der Quellensuche zu neuen Erkenntnissen (Werkstatt Hochschule 8),Volker Grunert,2026,2026-09-28,Zenodo (CERN European Organization for Nuclear Research),book,0,https://doi.org/10.5281/zenodo.23012030,True,https://openalex.org/W7214614173
Christian theology,Why religion matters in violence against displaced women,Sandra Pertek,2026,2026-09-28,,book-chapter,0,https://doi.org/10.1093/9780198994640.003.0001,True,https://openalex.org/W7214612187
Christian theology,Zoomorphic Metaphor-Discourse of Power Relations and Culture-Scriptural Parallelism in Selected Yoruba Oríkì and the Old Testament,Mogbolahan Olalekan Oduola,2026,2026-09-28,Yoruba Studies Review,article,0,https://doi.org/10.32473/ysr.11.2.143212,True,https://openalex.org/W7214610595
Christian theology,"Give Strong Drink to Him Who Is Perishing"": Rhetoric, Royal Responsibility, and the Ethics of Sobriety in Proverbs 31:6–7",Edward Eddie Moyo,2026,2026-09-28,Zenodo (CERN European Organization for Nuclear Research),article,0,https://doi.org/10.5281/zenodo.22928091,True,https://openalex.org/W7214610575
Christian theology,"Give Strong Drink to Him Who Is Perishing"": Rhetoric, Royal Responsibility, and the Ethics of Sobriety in Proverbs 31:6–7",Edward Eddie Moyo,2026,2026-09-28,Zenodo (CERN European Organization for Nuclear Research),article,0,https://doi.org/10.5281/zenodo.22928092,True,https://openalex.org/W7214609392
Christian theology,Young Catholics in Poland and Moral Change,Mirosław Kalinowski; Iwona Niewiadomska; Stanisław Fel; Jarosław Kozak,2026,2026-09-28,Theology and Science,article,0,https://doi.org/10.1080/14746700.2026.2725294,True,https://openalex.org/W7214628426
Christian theology,Measuring Students' Emotional Health Levels Based on Peter Scazzero's Theory: A Study in Indonesia,Sri Mulyani; Antonius Missa; Tatag Mulyadi; Jessie Amos,2026,2026-09-28,Research in Education Technology and Multiculture,article,0,https://doi.org/10.61436/rietm/v5i3.pp379-393,True,https://openalex.org/W7214609267
patristics,“Büyük Balık Küçük Balığı Yutar”Kompozisyonunun Bestiariumlar Işığında Yeniden Yorumu,Tuğçe KARADEMİR,2026,2026-09-28,Palmet Dergisi,article,0,https://doi.org/10.62425/palmet.1979054,True,https://openalex.org/W7214609295
patristics,"On the Promise (and Practice) of Deep Comparative Methods: Expressivity, Limitations, and Design",Caleb Charpentier; Arthur Porto; Anuj Karpatne; Josef Uyeda,2026,2026-09-28,,preprint,0,https://doi.org/10.32942/x2md6m,True,https://openalex.org/W7214672969
patristics,A four gene genotyping panel for Listeria monocytogenes driven by amino-acid repeat hotspots,Ravi Jothi; Bo-eun Kim; Kwang‐Kyo Oh; Hyunsuk Jin; Soobin Yim; Dong Suk Park,2026,2026-09-28,Scientific Reports,article,0,https://doi.org/10.1038/s41598-026-72899-9,True,https://openalex.org/W7214684075
Christian theology,Beyond Critique: Foucault's Genealogical Analysis of Christian Technologies of the Self,Tiancheng Xia,2026,2026-09-28,Dialog,article,0,https://doi.org/10.1111/dial.70046,True,https://openalex.org/W7214607816
Christian theology,Faith in Action: The Role of Missionaries in Shaping Bihar’s Development Through Community-Based Social Work,Sebastimmal S; Manish Tiwari -,2026,2026-09-28,Research Square,preprint,0,https://doi.org/10.21203/rs.3.rs-10307075/v1,True,https://openalex.org/W7214606300
Christian theology,"Book Review: Jason Bruner and David C. Kirkpatrick (eds.), Global Visions of Violence: Agency and Persecution in World Christianity BrunerJasonKirkpatrickDavid C. (eds.), Global Visions of Violence: Agency and Persecution in World Christianity, Rutgers University Press: New Brunswick, 2022; vii, 213 pp; paper, $37.95. ISBN 978-1-9788-3083-7",Thomas A. Hale,2026,2026-09-28,Missiology An International Review,book-review,0,https://doi.org/10.1177/00918296261492256,True,https://openalex.org/W7214606061
Christian theology,"Explaining Violence: Reformation, Conflict, and Narrative in Stralsund (1525)",Maciej Ptaszyński,2026,2026-09-28,Zapiski Historyczne,article,0,https://doi.org/10.15762/zh.2026.25,True,https://openalex.org/W7214605937
Christian theology,From Reversibility to Integration: Models of Duality of the Sign in Christian Visual Culture,Yuliia Khlystun,2026,2026-09-28,Journal of Semiotics Arts and Religion,article,0,https://doi.org/10.33234/jsar.1.6,True,https://openalex.org/W7214595697
Christian theology,The Effect of Deep Learning and Love-Based Curriculum on Students' HOTS at MA Hikmah Kamilah Brebes,Muhammad Al Akhosh; Septi Gumiandari; Ahmad Arifuddin,2026,2026-09-28,Mumtaz.,article,0,https://doi.org/10.69552/mumtaz.v6i2.3870,True,https://openalex.org/W7214590786
Christian theology,Are cardinal and transcendent virtues associated with human flourishing? A study of university students,Jorge López González; Marta Hurtado-Martín; Paula Crespí,2026,2026-09-28,Cogent Education,article,0,https://doi.org/10.1080/2331186x.2026.2727764,True,https://openalex.org/W7214625989
Christian theology,Character climate scale: Development and multi-site validation of a new tool for measuring the moral ecosystem of a university,Brittany M. Tausen; Jessica L. Fossum; Bethany F. Hoff; Thane M. Erickson; Julia Flores,2026,2026-09-28,Journal of Moral Education,article,0,https://doi.org/10.1080/03057240.2026.2710139,True,https://openalex.org/W7214631295
Christian theology,"Leading Organisational Change in African Seventh-day Adventist Churches: Context, Resistance, Leadership, and a Research Agenda",Christopher Kabwe Mukuka,2026,2026-09-28,Zenodo (CERN European Organization for Nuclear Research),article,0,https://doi.org/10.5281/zenodo.22948899,True,https://openalex.org/W7214585865
biblical interpretation,Fostering Inclusivity in Christian Education: Queer-Womanist Pedagogical Practices,Alfred Candid M. Jaropillo; John Erwin P. Pedroso,2026,2026-09-28,EIKI Journal of Effective Teaching Methods,article,0,https://doi.org/10.59652/fs9j1219,True,https://openalex.org/W7214666457
biblical interpretation,Reassessing Sola Scriptura in Twenty-First Century Nigerian Christianity,Stephen Adedeji Ojo,2026,2026-09-28,Zenodo (CERN European Organization for Nuclear Research),article,0,https://doi.org/10.5281/zenodo.23025285,True,https://openalex.org/W7214802577
biblical interpretation,Reassessing Sola Scriptura in Twenty-First Century Nigerian Christianity,Stephen Adedeji Ojo,2026,2026-09-28,Zenodo (CERN European Organization for Nuclear Research),article,0,https://doi.org/10.5281/zenodo.23016785,True,https://openalex.org/W7214780177
biblical interpretation,Reassessing Sola Scriptura in Twenty-First Century Nigerian Christianity,Stephen Adedeji Ojo,2026,2026-09-28,Zenodo (CERN European Organization for Nuclear Research),article,0,https://doi.org/10.5281/zenodo.23025855,True,https://openalex.org/W7214739078
biblical interpretation,Reassessing Sola Scriptura in Twenty-First Century Nigerian Christianity,Stephen Adedeji Ojo,2026,2026-09-28,Zenodo (CERN European Organization for Nuclear Research),article,0,https://doi.org/10.5281/zenodo.23025854,True,https://openalex.org/W7214715040
biblical interpretation,Resourcing resilience,Sandra Pertek,2026,2026-09-28,,book-chapter,0,https://doi.org/10.1093/9780198994640.003.0005,True,https://openalex.org/W7214683010
biblical interpretation,Persons in Relationship: African Religious and Biblical Theological Anthropology in Dialogue and Its Implications for Artificial Intelligence (AI),Martin Onukwuba; Peter Okonkwo; Michael Sunday Sasa; Ikechukwu Anthony Kanu; Michael Paul Pilani,2026,2026-09-28,Religions,article,0,https://doi.org/10.3390/rel17101136,True,https://openalex.org/W7214682663
biblical interpretation,"“With G-d's help, we will win”: Hypernationalism and fantasmatic logic in Benjamin Netanyahu's discourse after Hamas's attack of October 7, 2023",Claudio Coloma; Nofret Berenice Hernández Vilchis; Daniel F. Morales Vásquez,2026,2026-09-28,Social Sciences & Humanities Open,article,0,https://doi.org/10.1016/j.ssaho.2026.103757,True,https://openalex.org/W7214679963
biblical interpretation,"Leading Organisational Change in African Seventh-day Adventist Churches: Context, Resistance, Leadership, and a Research Agenda",Christopher Kabwe Mukuka,2026,2026-09-28,,article,0,https://doi.org/10.68258/ajrs_religed.63708,True,https://openalex.org/W7214672016
biblical interpretation,The Scots-Irish Presbyterian Heritage of Woman’s Rights Advocate Elizabeth Birch Wilson,Priscilla Pope‐Levison; John R. Levison,2026,2026-09-28,The Journal of Ecclesiastical History,article,0,https://doi.org/10.1017/s0022046926103534,True,https://openalex.org/W7214671507
biblical interpretation,Parabolic Differential Learning Theory: A Scripture-Governed Theoretical Model for Understanding Biblical Learning,Dele Alaba Ilesanmi,2026,2026-09-28,Zenodo (CERN European Organization for Nuclear Research),article,0,https://doi.org/10.5281/zenodo.23014326,True,https://openalex.org/W7214668713
biblical interpretation,"Give Strong Drink to Him Who Is Perishing”: Rhetoric, Royal Responsibility, and the Ethics of Sobriety in Proverbs 31:6–7",Edward Eddie Moyo,2026,2026-09-28,,article,0,https://doi.org/10.68258/ajphil_ethics.63707,True,https://openalex.org/W7214664007
Christian theology,Pastoral Care and the Temporality of Crisis: New Zealand Churches and the Covid Pandemic,Rachel Tallon; Philip Fountain; Geoffrey Troughton,2026,2026-09-28,Journal of Pastoral Theology,article,0,https://doi.org/10.1080/10649867.2026.2700081,True,https://openalex.org/W7214638970
biblical interpretation,Tithes and Offerings in Christian Stewardship: A Canonical Study of Giving from Abraham to the Apostolic Church,Augustine Odunayo Odesanmi,2026,2026-09-28,Zenodo (CERN European Organization for Nuclear Research),report,0,https://doi.org/10.5281/zenodo.23015044,True,https://openalex.org/W7214654976
biblical interpretation,Parabolic Differential Learning Theory: A Scripture-Governed Theoretical Model for Understanding Biblical Learning,Dele Alaba Ilesanmi,2026,2026-09-28,Zenodo (CERN European Organization for Nuclear Research),article,0,https://doi.org/10.5281/zenodo.23014327,True,https://openalex.org/W7214652856
biblical interpretation,"Mistranslation, pseudotranslation, and wandering translation as modes of trans-translating: a translanguaging perspective",Bing Wen; Zhong Lin,2026,2026-09-28,Humanities and Social Sciences Communications,article,0,https://doi.org/10.1057/s41599-026-09229-x,True,https://openalex.org/W7214596562
biblical interpretation,"Fabrics and Monkeys: The Moravian Church’s Account Books and Protestant Religious Economies (Suriname, Second Half of the Eighteenth Century)",Jessica Cronshagen,2026,2026-09-28,Itinerario,article,0,https://doi.org/10.1017/s0165115326100977,True,https://openalex.org/W7214594672
biblical interpretation,A reader-response approach to the parable of the rich man and Lazarus (Luke 16:19–31): applying the SIFT method,Francis Loftus,2026,2026-09-28,Journal of Beliefs and Values,article,0,https://doi.org/10.1080/13617672.2026.2729988,False,https://openalex.org/W7214579438
biblical interpretation,"“Sin amor nada soy” (1 Cor 13): El ágape paulino como matriz teológica del cuidado en la respuesta de la Iglesia a las revoluciones modernas, de León XIII a León XIV",Diego Agudelo Grajales; Natalia María Ramírez López; Andrés Sandoval Sarrias,2026,2026-09-28,Perspectiva Teológica,article,0,https://doi.org/10.20911/21768757v58n2e06424/2026,True,https://openalex.org/W7214575694
Christian theology,"Before Theology Had a Name: Scripture, Worship, and the First Christian Arguments About God",Daniel J. Grace,2026,2026-09-28,Zenodo (CERN European Organization for Nuclear Research),article,0,https://doi.org/10.5281/zenodo.23004382,True,https://openalex.org/W7214645891
Christian theology,Semiotic of Artificial Intelligence Presentations: Supernatural and Mythological Depictions in Yoruba Christian Film Abejoye,Christiana Oluremi Olutunde,2026,2026-09-28,Yoruba Studies Review,article,0,https://doi.org/10.32473/ysr.11.2.143222,True,https://openalex.org/W7214643902
Christian theology,"The Advent and Expansion of Christianity among the Garo of Meghalaya: Indigenous Agency, Religious Transformation and Cultural Continuity",Tangsrang T. Sangma,2026,2026-09-28,Historical Research Journal of History and Archaeology,article,0,https://doi.org/10.67860/hrjha.v4.i3.113,True,https://openalex.org/W7214639165
Christian theology,A dignidade humana na era da inteligência artificial à luz da Magnifica Humanitas,Tiago de Fraga Gomes; Clelia Peretti; Sônia Maria de Souza Bonelli; Luiz Carlos Susin; Édison Hüttner,2026,2026-09-28,Revista Opinião Filosófica,article,0,https://doi.org/10.36592/opiniaofilosofica.2026.v17.1374,True,https://openalex.org/W7214639140
Christian theology,Towards an intersectional socioecology of protection,Sandra Pertek,2026,2026-09-28,,book-chapter,0,https://doi.org/10.1093/9780198994640.003.0007,True,https://openalex.org/W7214588376
Christian theology,Arabic Language and Literature: Development and Transformation During the Abbasid Period,Haque Isphakul; Ali Baharul; Choudhury Abul kalam,2026,2026-09-28,Zenodo (CERN European Organization for Nuclear Research),other,0,https://doi.org/10.5281/zenodo.23011406,True,https://openalex.org/W7214627287
Christian theology,"Timothy Batte, the Recovery of Immersion, and an Unnoticed Early English Baptist Confession of Faith",Stephen R. Holmes,2026,2026-09-28,Baptist Quarterly,article,0,https://doi.org/10.1080/0005576x.2026.2707767,True,https://openalex.org/W7214578600
Christian theology,"Incarnation, Biology, and Ecology: A Theological Synthesis Through Laudato Si’",Raymond R. Tjandrawinata; Andreas Atawolo,2026,2026-09-28,Journal Transnational Universal Studies,article,0,https://doi.org/10.58631/jtus.v4i9.276,True,https://openalex.org/W7214535159
Christian theology,Home Protection: Frances Willard’s Anti-Monopoly Crusade,Richard R. John,2026,2026-09-28,The Business History Review,article,0,https://doi.org/10.1017/s0007680526102050,True,https://openalex.org/W7213499760
Christian theology,Converging knowledges in the maternity ward in Ghana: an ethnographic study of care for women with pre-eclampsia,Bregje Christina de Kok; Sylvia Esther Gyan; Linda Lucy Yevoo; Koiwah Koi-Larbi; Daniel Kojo Arhinful,2026,2026-09-28,Culture Health & Sexuality,article,0,https://doi.org/10.1080/13691058.2026.2737187,True,https://openalex.org/W7214579554
incarnation,Maxaquene Khovo Students House in Maputo: On Social Repair and Material Decay,Silvia Balzan,2026,2026-09-27,Intellect eBooks,book-chapter,0,https://doi.org/10.1386/9781835952566_15,True,https://openalex.org/W7112495694
incarnation,"Representations of the Sacred in Romanian Visual Art: The Garden, Utopia, the Temple, and the City",Dalina Bădescu,2026,2026-09-27,Zenodo (CERN European Organization for Nuclear Research),preprint,0,https://doi.org/10.5281/zenodo.22998193,True,https://openalex.org/W7214548125
incarnation,"“Venha a mim o reino destruído”: visões narrativas do apocalipse em Jeremias o louco, de José Agostinho Baptista",Nuno Miguel Neves,2026,2026-09-27,Revista Texto Poético,article,0,https://doi.org/10.25094/rtp.2026n49a1278,True,https://openalex.org/W7214520741
church fathers,Responding Together: Volunteering and Community Resilience in the Reception of Ukrainian Refugees,Laura Migliorini; Paola Cardinali; Francesco Madera; Martina Olcese,2026,2026-09-27,Journal of Community & Applied Social Psychology,article,0,https://doi.org/10.1002/casp.70332,True,https://openalex.org/W7214534209
church fathers,‘We Have to Think Out of the Box They Put Us in’: A Collective Narrative Study of Refugee and Asylum Seeker Subjectivities in South Africa,Chiara Fiscone; Guido Veronese; Ashraf Kagee,2026,2026-09-27,Journal of Community & Applied Social Psychology,article,0,https://doi.org/10.1002/casp.70337,True,https://openalex.org/W7214531540
biblical interpretation,Pendekatan tekstualis dan kontekstualis dalam pemahaman keagamaan: analisis inklusivitas dan eksklusivitas dalam perspektif kontemporer,Ilham Maulana Fatiha; Normuslim; Muslimah Muslimah,2026,2026-09-27,Al-Mudarris (Jurnal Ilmiah Pendidikan Islam),article,0,https://doi.org/10.23971/mdr.v9i3.11493,True,https://openalex.org/W7214545181
biblical interpretation,"The Bodies of the Messiah: Transfiguration, Resurrection, and Ascension",Daniel Glover,2026,2026-09-27,Journal for the Study of the New Testament,article,0,https://doi.org/10.1177/0142064x261482152,True,https://openalex.org/W7214598847
biblical interpretation,"Crop Husbandry After the Assyrian Conquest: The Case Study of Tel Kinrot (Kinneret, Tell el ʿ Orēme )",Eline Demeulenaere; Laura Wörner; Şengül Fındıklar; Simone Riehl; Britt M. Starkovich; Stefan Münger,2026,2026-09-27,Environmental Archaeology,article,0,https://doi.org/10.1080/14614103.2026.2731284,True,https://openalex.org/W7214655953
biblical interpretation,Revisiting Eden: Rethinking the Eden Narrative in Conservation Scholarship,Peter Rowe; Dave Bookless,2026,2026-09-27,Religions,article,0,https://doi.org/10.3390/rel17101128,True,https://openalex.org/W7214664109
church fathers,Nation-Building and State Feminism: A Comparative Analysis of Mustafa Kemal Atatürk’s Türkiye and Habib Bourguiba’s Tunisia,Faika Çelik,2026,2026-09-27,İmgelem,article,0,https://doi.org/10.53791/imgelem.1928047,True,https://openalex.org/W7214521936
church fathers,"Constructing biodiversity through relational values in private forests – The case of Ostrobothnia, Finland",Sakineh Ghorbanzadeh; Kenneth Nordberg; Mikael Nygård,2026,2026-09-27,Journal of Rural Studies,article,0,https://doi.org/10.1016/j.jrurstud.2026.104447,True,https://openalex.org/W7214439353
church fathers,"The Moon Baronets of Copsewood Grange, Coventry: Rise, Decline and Dormancy in a Late Victorian Industrial Baronetcy",Brandon Reece Taylorian,2026,2026-09-27,Midland History,article,0,https://doi.org/10.1080/0047729x.2026.2731329,True,https://openalex.org/W7212318994
incarnation,"Representations of the Sacred in Romanian Visual Art: The Garden, Utopia, the Temple, and the City",Dalina Bădescu,2026,2026-09-27,Zenodo (CERN European Organization for Nuclear Research),preprint,0,https://doi.org/10.5281/zenodo.22997903,True,https://openalex.org/W7214520665
eschatology,"Negotiating jihad: how ideology shaped the limits of strategic reasoning in al-Qaida, 1998–2001",Anne Likuski,2026,2026-09-27,Politics Religion & Ideology,article,0,https://doi.org/10.1080/21567689.2026.2738113,True,https://openalex.org/W7214555783
eschatology,Reconceptualizing human-nature relations in Islamic environmental ethics,Mohd Sualh; Talha Bin Tariq; Mohd Umar,2026,2026-09-27,Journal of Green Economy and Optimization Research,article,0,https://doi.org/10.68210/jgeor.a35,True,https://openalex.org/W7214562766
eschatology,"Azrah Research: The Neolithic Āzrah, the Zoroastrian Source-Code, and the Transfusion of Monotheistic Civilization",Cohistani Bilal,2026,2026-09-27,Zenodo (CERN European Organization for Nuclear Research),article,0,https://doi.org/10.5281/zenodo.23002290,True,https://openalex.org/W7214562928
eschatology,Ethiopian Evangelicals' Attitudes Towards and Responses to Climate Change: Implications for Environmental and Theological Research,Mikiyas Sima; Aklilu Dalelo; Tibeb Tafess,2026,2026-09-27,Advances in Sciences and Humanities,article,0,https://doi.org/10.11648/j.ash.20261203.11,True,https://openalex.org/W7214673547
incarnation,"Representations of the Sacred in Romanian Visual Art: The Garden, Utopia, the Temple, and the City",Dalina Bădescu,2026,2026-09-27,Zenodo (CERN European Organization for Nuclear Research),preprint,0,https://doi.org/10.5281/zenodo.22998257,True,https://openalex.org/W7214557979
incarnation,"Governance, Bureaucracy, and Organization",Jason Adamson,2026,2026-09-27,,book,0,https://doi.org/10.4324/9781042022342,True,https://openalex.org/W7214550426
eschatology,"Azrah Research: The Neolithic Āzrah, the Zoroastrian Source-Code, and the Transfusion of Monotheistic Civilization",Cohistani Bilal,2026,2026-09-27,Zenodo (CERN European Organization for Nuclear Research),article,0,https://doi.org/10.5281/zenodo.23002291,True,https://openalex.org/W7214549484
incarnation,"Representations of the Sacred in Romanian Visual Art: The Garden, Utopia, the Temple, and the City",Dalina Bădescu,2026,2026-09-27,Zenodo (CERN European Organization for Nuclear Research),preprint,0,https://doi.org/10.5281/zenodo.22997904,True,https://openalex.org/W7214535685
theological anthropology,"Social work, Christian ethics, and moral pluralism: reconsidering professional identity, human flourishing, and ethical dialogue in contemporary practice",Brandon M. Rowland,2026,2026-09-27,Journal of Religion & Spirituality in Social Work Social Thought,article,0,https://doi.org/10.1080/15426432.2026.2734564,False,https://openalex.org/W7214561213
theological anthropology,FOLKLORIC HAGIOGRAPHY: AN ANALYTICAL CONCEPT FOR THE STUDY OF FOLK NARRATIVES,Hatice Kübra Uygur,2026,2026-09-27,FOLKLOR AKADEMİ DERGİSİ,article,0,https://doi.org/10.55666/folklor.1983894,True,https://openalex.org/W7214531929
recapitulation,Aortic valve disease: Novel animal models for advancing our understanding of the underlying mechanisms,Liya Hou; Xue Liu; Xue Liu; Wangxing Hu; Xianbao Liu; Xianbao Liu; Wei Zhu,2026,2026-09-27,Animal Models and Experimental Medicine,article,0,https://doi.org/10.1002/ame2.70294,True,https://openalex.org/W7214519014
recapitulation,The Influence Of Product Innovation On Consumer Purchase Decisions For Infinix Smartphones In Riau Province,Azzahra Putri Mentari; Dwi Astuti,2026,2026-09-27,Inovbiz Jurnal Inovasi Bisnis,article,0,https://doi.org/10.35314/inovbiz.v14.i2.1803,True,https://openalex.org/W7214437022
recapitulation,On the single-field formulation in magnetostatics,Stefan Krömer; Giuseppe Tomassetti,2026,2026-09-27,Mathematics and Mechanics of Solids,article,0,https://doi.org/10.1177/10812865261477698,True,https://openalex.org/W7161838661
theological anthropology,Secularization as Integration: Tareq Oubrou’s Religious Justification for Laïcité in France,Abdessamad Belhaj,2026,2026-09-27,Religions,article,0,https://doi.org/10.3390/rel17101130,True,https://openalex.org/W7214638238
Christian anthropology,"The fantasy of digital immateriality : AI, ecologically unequal exchange, and the appropriation of lived human time",Maximilian Mai Pieper; Alf Hornborg,2026,2026-09-27,Lund University Publications (Lund University),article,0,https://doi.org/10.1016/j.ecolecon.2026.109251,False,https://openalex.org/W7214267867
theological anthropology,Historical and Contemporary Functions of Rituals in the Olympic Games,Nurettin Göksu Çini; Suzan Dal; Selin Baikoğlu,2026,2026-09-27,Avrasya Spor Bilimleri ve Eğitim Dergisi,article,0,https://doi.org/10.47778/ejsse.186,True,https://openalex.org/W7214555792
theological anthropology,JOURNEY TOWARDS ENLIGHTENMENT IN THE POEM GNOTHI SEAUTON BY RALPH WALDO EMERSON,Umm e Habiba; Abdul Rehman Nasir,2026,2026-09-27,Insights (Bhalwal) International Journal of Humanities Management and Social Sciences,article,0,https://doi.org/10.68156/9hb7f970,True,https://openalex.org/W7214531690
theological anthropology,Inclusive mathematics and science teacher education for sustainable development: A hermeneutical phenomenological study in Ghanaian colleges of education,Ernest Frimpong Akosah; Ebenezer Appah Bonney,2026,2026-09-27,Sustainable Education and Digital Transformation,article,0,https://doi.org/10.33902/sedt.202644335,True,https://openalex.org/W7214522203
incarnation,"Modernity, Medievalism, and the Spectatorial Robin Hood",Sabina Rahman,2026,2026-09-27,,book-chapter,0,https://doi.org/10.4324/9781003612315-2,False,https://openalex.org/W7214560282
Christian anthropology,Fly agaric: dangerous and harmful or desirable and healing,Anabela Mišeljić,2026,2026-09-27,Repository of the University of Ljubljana (University of Ljubljana),dissertation,0,,True,https://openalex.org/W7215009842
Christian anthropology,Beyond Technification: Ontological and Hermeneutic Foundations of Nursing Care,Antonio Vázquez-Sellán; María Carmen Sellán-Soto; Ginés Mateo-Martínez,2026,2026-09-27,Nursing Inquiry,article,0,https://doi.org/10.1111/nin.70170,True,https://openalex.org/W7214556008
Christian anthropology,JAPON HALK İNANÇLARINDA ANNE VE ÇOCUK KORUYUCU RUHLAR İLE TÜRK MİTOLOJİSİNDE UMAY,Yasemin Dakak Yazici; İbrahim KARACA,2026,2026-09-27,FOLKLOR AKADEMİ DERGİSİ,article,0,https://doi.org/10.55666/folklor.1923886,True,https://openalex.org/W7214527374
Christian anthropology,Afghanistan in the Contemporary Era: Issues and Challenges,Shafiullah Saberi; Amandeep Kaur,2026,2026-09-27,Contemporary Social Sciences,article,0,https://doi.org/10.62047/css.2026.09.30.33,True,https://openalex.org/W7214522174
Irenaeus,Occurrence Download,GBIF.org User,2026,2026-09-26,Global Biodiversity Information Facility,dataset,0,https://doi.org/10.15468/dl.b7tyxm,True,https://openalex.org/W7214495698
incarnation,Exegenesis Marginalia X: The Daemon of Always,Magus Ahnend,2026,2026-09-26,PhilPapers (PhilPapers Foundation),book,0,https://doi.org/10.5281/zenodo.22970964,True,https://openalex.org/W7214495523
incarnation,"A Multi-Agent Generative AI and Machine Learning Framework for Autonomous Incident Intelligence, Predictive Service Assurance, and Customer Experience Optimization in Cloud-Native Digital Service Platforms",Darshan Bhansali,2026,2026-09-26,International Journal of Computer Science and Engineering,article,0,https://doi.org/10.14445/23488387/ijcse-v13i8p102,True,https://openalex.org/W7214482184
incarnation,INCARNATIONAL LINEAGE Spiritual Lineage • Karmic Lineage • Ancestral Lineage • Genetic Lineage,David Gordon Little,2026,2026-09-26,Zenodo (CERN European Organization for Nuclear Research),report,0,https://doi.org/10.5281/zenodo.22976875,True,https://openalex.org/W7214452391
Irenaeus,Occurrence Download,GBIF.org User,2026,2026-09-26,Global Biodiversity Information Facility,dataset,0,https://doi.org/10.15468/dl.4btnac,True,https://openalex.org/W7214504901
incarnation,INCARNATIONAL LINEAGE Spiritual Lineage • Karmic Lineage • Ancestral Lineage • Genetic Lineage,David Gordon Little,2026,2026-09-26,Zenodo (CERN European Organization for Nuclear Research),report,0,https://doi.org/10.5281/zenodo.22976876,True,https://openalex.org/W7214427032
incarnation,"L'humanisme contemporain. Vision du monde, connaissance, foi. Première partie : vision du monde",Lev Kriviсkiy; Лев Кривицкий,2026,2026-09-26,PhilPapers (PhilPapers Foundation),article,0,https://doi.org/10.6084/m9.figshare.34003392,True,https://openalex.org/W7214270431
incarnation,"Essere, coscienza e persona: sulle teoresi di Pantaleo Carabellese e Teodorico Moretti-Costanzi nel contesto filosofico italiano loro coevo",Omar Brino,2026,2026-09-26,Institutional Research Information System (Università degli Studi di Trento),article,0,https://doi.org/10.14276/2532-1676/6911,True,https://openalex.org/W7213991114
theological anthropology,Media Saturation as a Risk Factor for Anxiety in Adolescents: Theoretical Foundations and Implications for Education,Jan Mahrik; Andrea Lesková; Beáta Akimjaková; Rivki Rosenberg,2026,2026-09-26,Journal of Education Culture and Society,article,0,https://doi.org/10.15503/jecs2026.2.691.702,True,https://openalex.org/W7214429742
biblical interpretation,"Proportionality, Equality, and Judicial Integrity: Reinterpreting Lex Talionis in Pentateuchal Narratives",Babatope David ONI; Oluwaseyi Nathaniel Shogunle; OLÚFADÉKÉ̩MI ADÁGBÁDÁ,2026,2026-09-26,International Journal of Multidisciplinary and Innovative Research,article,0,https://doi.org/10.58806/ijmir.2026.v3i9n06,True,https://openalex.org/W7214325846
eschatology,THE INTERCALATED STORIES OF MARK 11:11–26 AND THEIR SIGNIFICANCE FOR DISCIPLESHIP,Elias E. Mogbeyiteren,2026,2026-09-26,Zenodo (CERN European Organization for Nuclear Research),article,0,https://doi.org/10.5281/zenodo.22981883,True,https://openalex.org/W7214499469
Christian anthropology,"Biobanks, the ‘diagnostic misconception’ and the distinction between altruism and reciprocity",Kirsten Bell; Sophie Day; Helen Ward,2026,2026-09-26,Medicine Health Care and Philosophy,article,0,https://doi.org/10.1007/s11019-026-10398-4,True,https://openalex.org/W7214426367
Christian anthropology,Navigating the Ideological Contract: How Faith-Based Institutional Governance Conditions the Perceived Effectiveness of HRM Practices on Teacher Retention in Rural Uganda,Joseph Kikomeko; Charles Muweesi; Fred Kamoga Musisi; Hamidah Nabawanuka; Rosemary Nakijoba; Augustine Alloysius OGBE; Richard Lule,2026,2026-09-26,East African Journal of Interdisciplinary Studies,article,0,https://doi.org/10.37284/eajis.9.3.5868,True,https://openalex.org/W7214475447
Christian anthropology,“Our Deaths––Your Shame.” HIV Activism and the Rise of Autocratic Biopolitics in the Russian Federation,Katerina Suverina,2026,2026-09-26,Medical Anthropology,article,0,https://doi.org/10.1080/01459740.2026.2739491,True,https://openalex.org/W7214478452
Christian anthropology,Parenting as Civic Action: A Relational Framework for Citizenship,Lauren Erdreich; Einat Gilboa-Oppenheim; Lea Taragin‐Zeller; Tanya Zion-Waldoks,2026,2026-09-26,British Journal of Sociology,article,0,https://doi.org/10.1111/1468-4446.70175,True,https://openalex.org/W7214493976
Christian anthropology,"Emotional Attachment and Mutual Respect as Correlates of Marital Satisfaction Among Married Persons in Edo State, Nigeria",Wellington Omosefe Jesuorobo; Evelyn Ofure OBOZOKHAE,2026,2026-09-26,NIU journal of social sciences.,article,0,https://doi.org/10.58709/niujss.v12i3.2682,True,https://openalex.org/W7214507272
Christian anthropology,What is it Like to Recover From Psychosis? An Interpretative Phenomenological Analysis,Samuel Thoma; Cassandre Bois; Kae Eichel; Istvàn Fazakas; Matthias Pauge; Thelke Scholz; Maia Witzig; Laura Galbusera,2026,2026-09-26,Human Arenas,article,0,https://doi.org/10.1007/s42087-026-00699-8,True,https://openalex.org/W7214456460
Christian anthropology,"Healing Beyond the Body: Afemai Indigenous Medicine, Spirituality and the Philosophy of Holistic Healthcare",Cyril Osilama Adamu,2026,2026-09-26,NIU journal of social sciences.,article,0,https://doi.org/10.58709/niujss.v12i3.2680,True,https://openalex.org/W7214432015
imago Dei,"Del Dominio sobre la Creación (Gn 1,28) al Imperativo Ético de una Espiritualidad del Cuidado Ecológico",José Alfredo Díaz Rentería; Juan Manuel Deniz Andrade,2026,2026-09-26,Ciencia Latina Revista Científica Multidisciplinar,article,0,https://doi.org/10.37811/cl_rcm.v10i4.25841,True,https://openalex.org/W7214426330
eschatology,"Before ""Judges in Berlin"", There Were Prophets in Israel",Mateus Corazza Neto,2026,2026-09-26,Zenodo (CERN European Organization for Nuclear Research),preprint,0,https://doi.org/10.5281/zenodo.22979576,True,https://openalex.org/W7214485483
imago Dei,From Digital Willfulness to Willingness: Gerald May’s Contemplative Psychology for Pastoral and Spiritual Care of Digital Natives,Joo Hyung Lee,2026,2026-09-26,Pastoral Psychology,article,0,https://doi.org/10.1007/s11089-026-01378-9,False,https://openalex.org/W7214482314
Christian anthropology,Holocaust Education in the Age of Participatory Culture,Kristína Jakubovská; Viera Jakubovská,2026,2026-09-26,Journal of Education Culture and Society,article,0,https://doi.org/10.15503/jecs2026.2.663.680,True,https://openalex.org/W7214461892
biblical interpretation,R.I.C. RULING INTERPRETIVE CONSTRUCTS — A CANONICAL–LEXICAL FRAMEWORK FOR APOSTOLIC INTERPRETATION: THE AUTHOR’S THESIS,Darryl L. Ceaser,2026,2026-09-26,Figshare,dissertation,0,https://doi.org/10.6084/m9.figshare.34002939.v1,True,https://openalex.org/W7214426941
theological anthropology,Cruelty and the Sacred. Søren Kierkegaard and Georges Bataille on Sacrifice,Leo Stan; Peter Majda; Tomas Hlavaty; Ernest Kováč; Jozef Dronzek,2026,2026-09-26,Journal of Education Culture and Society,article,0,https://doi.org/10.15503/jecs2026.2.37.52,True,https://openalex.org/W7214453849
eschatology,THE INTERCALATED STORIES OF MARK 11:11–26 AND THEIR SIGNIFICANCE FOR DISCIPLESHIP,Elias E. Mogbeyiteren,2026,2026-09-26,Zenodo (CERN European Organization for Nuclear Research),article,0,https://doi.org/10.5281/zenodo.22981882,True,https://openalex.org/W7214436145
eschatology,"Before ""Judges in Berlin"", There Were Prophets in Israel",Mateus Corazza Neto,2026,2026-09-26,Zenodo (CERN European Organization for Nuclear Research),preprint,0,https://doi.org/10.5281/zenodo.22979577,True,https://openalex.org/W7214470864
incarnation,"Assessment of ichthyofaunal diversity of the suborder Cyprinoidei Fitzinger, 1832 (Actinopterygii: Cypriniformes) of western Indian Himalayan Region: present status and conservation - a systematic review",Nisha Chauhan; Dhyal Singh; Shefalee Singh,2026,2026-09-26,Journal of Threatened Taxa,review,0,https://doi.org/10.11609/jott.10002.18.9.29639-29652,True,https://openalex.org/W7214498108
Christian anthropology,Deflected disruption: payments and the taming of Chinese fintech,Colin Chia; Jingding Wang,2026,2026-09-26,New Political Economy,article,0,https://doi.org/10.1080/13563467.2026.2737131,True,https://openalex.org/W7214474655
church fathers,Fabricating the Docile Subject: A Foucaultian Analysis of the Pedagogical Panopticon in La lengua de las mariposas,Zeynep KAYACIK,2026,2026-09-26,SÖYLEM Filoloji Dergisi,article,0,https://doi.org/10.29110/soylemdergi.1983211,True,https://openalex.org/W7214444542
church fathers,"Pastoral Ministry and Missionary Evangelization in the Catholic Diocese of Meru, Kenya",Stephen Muthamia; John Kyule; Jim Kanakuria,2026,2026-09-26,Journal of Sociology Psychology & Religious Studies,article,0,https://doi.org/10.53819/81018102t2610,True,https://openalex.org/W7214449553
theological anthropology,"Negotiating Etruscan Heritage: Ethnicity, Cultural Integration, and Identity Formation in Early Rome",Fırat Gülerdoğan; Cuma Ali YILMAZ,2026,2026-09-26,International Journal of Ancient History,article,0,https://doi.org/10.33469/oannes.1940985,True,https://openalex.org/W7214500901
theological anthropology,"Family, Faith Community, and Resilience in the Age of Post-Truth and Artificial Intelligence: Psychosocial Dimensions of Healthy Human Development",Tibor Máhrik; Gabriel Paľa; Ján Gabčo; Katarína Minarovičová; José García Martín,2026,2026-09-26,Journal of Education Culture and Society,article,0,https://doi.org/10.15503/jecs2026.2.131.147,True,https://openalex.org/W7214492286
theological anthropology,Liberation Medicine in Authoritarian Contexts: The Brutality of U.S. Mass Incarceration,Philippe I. Bourgois,2026,2026-09-26,Culture Medicine and Psychiatry,article,0,https://doi.org/10.1007/s11013-026-10004-5,True,https://openalex.org/W7214473410
theological anthropology,"Platformised sacrality: rating, reviewing, and picturing Amsterdam’s mosques on Google Maps",Reza Shaker,2026,2026-09-26,Religion,article,0,https://doi.org/10.1080/0048721x.2026.2737967,True,https://openalex.org/W7214467163
patristics,"Church Slavonic patristic readings, biblical commentaries and saint lives with lectionary linkage",George Carpow,2026,2026-09-26,Zenodo (CERN European Organization for Nuclear Research),dataset,0,https://doi.org/10.5281/zenodo.22982515,True,https://openalex.org/W7214497380
patristics,On Sola Scriptura,Sargon Shlimon,2026,2026-09-26,Zenodo (CERN European Organization for Nuclear Research),article,0,https://doi.org/10.5281/zenodo.22975435,True,https://openalex.org/W7214454443
patristics,"Book Review: Marcus Plested. ""Wisdom in Christian Tradition: The Patristic Roots of Modern Russian Sophiology""",Michael Kurian,2026,2026-09-26,Correspondences,book-review,0,,True,https://openalex.org/W7214834200
patristics,On Sola Scriptura,Sargon Shlimon,2026,2026-09-26,Zenodo (CERN European Organization for Nuclear Research),article,0,https://doi.org/10.5281/zenodo.22975434,True,https://openalex.org/W7214427462
biblical interpretation,АТЕЇСТИЧНА ПРОПАГАНДА В РАЙОННІЙ ПЕРІОДИЧНІЙ ПРЕСІ ЗАКАРПАТТЯ (1958 – 1961),Юрій Данилець; Liudmyla BOROVYK,2026,2026-09-26,Східноєвропейський історичний вісник,article,0,https://doi.org/10.24919/2519-058x.40.371387,True,https://openalex.org/W7214566065
biblical interpretation,Codex Cumanicus’ta Kişi Adları Üzerine Bir İnceleme,Fatma Kılıç,2026,2026-09-26,SÖYLEM Filoloji Dergisi,article,0,https://doi.org/10.29110/soylemdergi.1983065,True,https://openalex.org/W7214506679
biblical interpretation,Enduring After God: An Anatheistic Reframing of Augustine on Suicide,Kornelius Lumbanbatu,2026,2026-09-26,The Heythrop Journal,article,0,https://doi.org/10.1111/heyj.70110,True,https://openalex.org/W7214487975
patristics,"Church Slavonic patristic readings, biblical commentaries and saint lives with lectionary linkage",George Carpow,2026,2026-09-26,Zenodo (CERN European Organization for Nuclear Research),dataset,0,https://doi.org/10.5281/zenodo.22982514,True,https://openalex.org/W7214500554
patristics,Mapping Marcher manuscripts,Helen Fulton; Rachael Harkes; Matt Lampitt; Abi Freeman; Mike Jones; Scott Lloyd; Jon Dollery,2026,2026-09-26,The Project Repository Journal,article,0,https://doi.org/10.54050/prj2724856,True,https://openalex.org/W7214588486
church fathers,Public Mass Shooters and the Prevalence of Suicidality,Peyton Henry; Mina Velimirović; Anika N. Sigel; Marie T. Campione; Sophie R. Abber; Sanaika Shetty; Morgan Robison; Esther C. Park; Thomas E. Joiner; James Silver,2026,2026-09-26,OMEGA - Journal of Death and Dying,article,0,https://doi.org/10.1177/00302228261492870,True,https://openalex.org/W7214501917
biblical interpretation,R.I.C. RULING INTERPRETIVE CONSTRUCTS — A CANONICAL–LEXICAL FRAMEWORK FOR APOSTOLIC INTERPRETATION: THE AUTHOR’S THESIS,Darryl L. Ceaser,2026,2026-09-26,Figshare,dissertation,0,https://doi.org/10.6084/m9.figshare.34002939,True,https://openalex.org/W7214468510
recapitulation,Age-dependent alterations in human striatum identify a PPP1R15B-miR-196a node as a modifier of Huntington’s disease,Victoria A. Church; Agnieszka Krzyżosiak; Benpeng Miao; Shawei Chen; Courtney K. Walker; Ji‐Sun Kwon; Sonika M Dahiya; Liyuan Wang; Osama Al‐Dalahmah; Bo Zhang; Matheus B. Victor; Anne Bertolotti; Andrew S.J. Yoo,2026,2026-09-26,Nature Communications,article,0,https://doi.org/10.1038/s41467-026-78010-0,True,https://openalex.org/W7214499613
recapitulation,Wordwall-Assisted RME: Improving Students’ Mathematics Understanding and Learning Activeness on Elementary School,Desy Puspa Sary; Euis Eti Rohaeti; Nelly Fitriani,2026,2026-09-26,(JIML) JOURNAL OF INNOVATIVE MATHEMATICS LEARNING,article,0,https://doi.org/10.22460/jiml.v9i3.31332,True,https://openalex.org/W7214499352
recapitulation,Development of Canva-Assisted Realistic Mathematics Education Worksheet to Improve Students’ Problem-Solving Ability and Learning Independence,Siti Aisah; Utari Sumarmo; Asep Ikin Sugandi,2026,2026-09-26,(JIML) JOURNAL OF INNOVATIVE MATHEMATICS LEARNING,article,0,https://doi.org/10.22460/jiml.v9i3.28165,True,https://openalex.org/W7214478526
recapitulation,"Reliability Improvement Analysis of Pump Liquid O2 P-805A USING THE FMECA, MTBF, and MTTR Approaches To Reduce Downtime at PT. Gresik Gases Indonesia",Muh. Pramudya Q.N; Said Salim Dahda; Purwanto,2026,2026-09-26,International Journal Of Science Technology & Management,article,0,https://doi.org/10.46729/ijstm.v7i5.1475,True,https://openalex.org/W7214475873
recapitulation,Söylem Belirleyicisinden Dijital Pratiğe: Yani’nin Sosyal Medyadaki Edimsel İşlevleri Üzerine bir Çözümleme,Oktay Çınar,2026,2026-09-26,SÖYLEM Filoloji Dergisi,article,0,https://doi.org/10.29110/soylemdergi.1983035,True,https://openalex.org/W7214436140
biblical interpretation,Mythological Continuity Between Ninurta and Marduk in the Ancient Mesopotamian Chaoskampf Tradition,Yeşim DİLEK,2026,2026-09-26,International Journal of Ancient History,article,0,https://doi.org/10.33469/oannes.1955528,True,https://openalex.org/W7214456758
biblical interpretation,Holocaust Remembrance Day: Between religious remembrance and national remembrance,Amir Mashiach; Nitza Davidovitch,2026,2026-09-26,Journal of Education Culture and Society,article,0,https://doi.org/10.15503/jecs2026.2.113.127,True,https://openalex.org/W7214470397
church fathers,Ana Bui Pa Kepue: How the Sabu Indigenous Community of Indonesia Affirms Every Child's Personhood Through Birth Rituals and Naming Practices,Beatriks Novianti Bunga; Achmad Chusairi; Nur Aini Fardana Nawangsari,2026,2026-09-26,Journal of Education Culture and Society,article,0,https://doi.org/10.15503/jecs2026.2.639.661,True,https://openalex.org/W7214502214
biblical interpretation,From Sacred Sites to Daily Practice: The Place of Natural Religion in the Teaching of Moral Ecology and Ethical Environmental Practices,Khalid Lahlou; Martina Pavlíková; Iurii Shcherbiak; Juraj Spuchľák; Marek Kóša,2026,2026-09-26,Journal of Education Culture and Society,article,0,https://doi.org/10.15503/jecs2026.2.149.171,True,https://openalex.org/W7214473416
biblical interpretation,The Concept of the Experts of the Book in QS. Al-Baqarah and Al-Ma'idah: Comparative Analysis of the Interpretations of Al-Manar and Al-Azhar,Fikri Faza Rohman; Masruchin Masruchin; Beko Hendro,2026,2026-09-26,Al Qalam Jurnal Ilmiah Keagamaan dan Kemasyarakatan,article,0,https://doi.org/10.35931/aq.v20i5.7394,True,https://openalex.org/W7214477299
church fathers,"НОВЕ МОНОГРАФІЧНЕ ДОСЛІДЖЕННЯ ТОМАША КЕМПИ ПРО КНЯЗЯ ВАСИЛЯ-КОСТЯНТИНА ОСТРОЗЬКОГО (1526 – 1608) Рецензійний огляд видання: Kempa T. Konstanty Wasyl Ostrogski (1526 – 1608) – przywódca spoleczności prawosławnej w Rzeczypospolitej. Toruń: Wydawnictwo naukowe Uniwersytetu Milołaja Kopiernika, 2024. 1009 s. [Seria Ex historia prioris Poloniae-Lithuanicae Reipublicae]",Леонід Тимошенко; Марта Тимошенко,2026,2026-09-26,Східноєвропейський історичний вісник,article,0,https://doi.org/10.24919/2519-058x.40.371433,True,https://openalex.org/W7214568491
biblical interpretation,On Prizes,Federico Luzzi,2026,2026-09-25,Journal of Applied Philosophy,article,0,https://doi.org/10.1002/japp.70126,True,https://openalex.org/W7214330790
biblical interpretation,Unpacking Filipino Seventh-day Adventist Identity: A Quantitative Exploration of Doctrines and Beliefs in relation to Practices among Varied Demographics,Heriberto Estrada,2026,2026-09-25,Psychology and Education A Multidisciplinary Journal,article,0,https://doi.org/10.70838/pemj.630207,True,https://openalex.org/W7214653556
biblical interpretation,Feminist Hermeneutics and Theoretical Articulation of the Verses of Hijab: Critical Examination,Maimunatu Yerima Iyawa,2026,2026-09-25,International Journal of Law Management & Humanities,article,0,https://doi.org/10.63108/ijlmh.12800,True,https://openalex.org/W7214521161
incarnation,Administrators as Intellectuals? The Academic Interiority of Maria Lis Lange and her Work in South African Higher Education,Last Name; Last Name,2026,2026-09-25,African Minds eBooks,book-chapter,0,https://doi.org/10.47622/9780639891453_5,True,https://openalex.org/W7214361236
biblical interpretation,Theological Interpretation of Advancing Sustainable Development Through Innovation and Inclusivity,John Kobia Ataya,2026,2026-09-25,International Journal of Professional Practice,article,0,https://doi.org/10.71274/ijpp.v14i5.774,True,https://openalex.org/W7214287210
imago Dei,Mystical Realization in Advaita Vedānta and Meister Eckhart,Nika Herman,2026,2026-09-25,Repository of the University of Ljubljana (University of Ljubljana),dissertation,0,,True,https://openalex.org/W7214699078
imago Dei,"INOVASI MEDIA PEMBELAJARAN DIGITAL PENDIDIKAN AGAMA KRISTEN: INTEGRASI TEKNOLOGI, TEOLOGI, DAN PEDAGOGI",A. Dan Kia; M.Pd. Fredik Melkias Boiliu; Juaniva Sidharta,2026,2026-09-25,Jurnal Pendidikan dan Teknologi Indonesia,article,0,https://doi.org/10.52436/1.jpti.1846,True,https://openalex.org/W7214537009
imago Dei,Protestant Ecotheologies,Kiara Jorgenson,2026,2026-09-25,,book-chapter,0,https://doi.org/10.4324/9781032646503-10,False,https://openalex.org/W7214337186
imago Dei,THE IMAGO DEI HYPOTHESIS,Ryn Blake Ryan Starr,2026,2026-09-25,Zenodo (CERN European Organization for Nuclear Research),dataset,0,https://doi.org/10.5281/zenodo.22948155,True,https://openalex.org/W7214323358
imago Dei,THE IMAGO DEI HYPOTHESIS,Ryn Blake Ryan Starr,2026,2026-09-25,Zenodo (CERN European Organization for Nuclear Research),dataset,0,https://doi.org/10.5281/zenodo.22948154,True,https://openalex.org/W7214313229
imago Dei,Qualifying the debate on interdisciplinarity considering 50 years of educational experimentation at Aalborg University,Casper Feilberg; Kirsten Jæger,2026,2026-09-25,Frontiers in Education,article,0,https://doi.org/10.3389/feduc.2026.1860079,True,https://openalex.org/W7163457082
biblical interpretation,Trikraljski Zvezdari: The Continuity of a “Silent Tradition” in the Sutla Valley,Tanja Halužan,2026,2026-09-25,Český lid,article,0,https://doi.org/10.21104/cl.2026.3.05,True,https://openalex.org/W7214312853
biblical interpretation,R.I.C. / RULING INTERPRETIVE CONSTRUCTS: AUTHOR'S THESIS,Darryl L. Ceaser,2026,2026-09-25,Knowledge Commons (Lakehead University),article,0,https://doi.org/10.17613/z6tn1-mk727,True,https://openalex.org/W7214458222
biblical interpretation,"Custodians of the Interior Castle: Reclaiming Sacramental Realism, Canonical Order, and Mystical Purgation Against Modern Lay Ministerial Reductions",Fr Joseph Gee,2026,2026-09-25,Zenodo (CERN European Organization for Nuclear Research),article,0,https://doi.org/10.5281/zenodo.21902242,True,https://openalex.org/W7202258343
biblical interpretation,Tacit Knowledge and Hermeneutics: Critical Reflections on Automated Text Interpretation with Large Language Models,Jens Dörpinghaus; Michael Tiemann,2026,2026-09-25,Annals of Computer Science and Information Systems,conference-paper,0,https://doi.org/10.15439/2026f5725,True,https://openalex.org/W7154208361
biblical interpretation,ETHICAL DILEMMAS IN LAY COUNSELLING IN A CONGREGATIONAL SETTING,Ebenezer Tetteh Kpalam; Silas Adjei; Eva Ahiataku,2026,2026-09-25,Pentecost Journal of Leadership and Governance,article,0,https://doi.org/10.62868/pjlg.v1i1.303,True,https://openalex.org/W7214470239
biblical interpretation,Mentes liminales y misterios mecánicos,Roger Martínez-Dávila,2026,2026-09-25,REVISTA DE HISTORIOGRAFÍA (RevHisto),article,0,https://doi.org/10.20318/revhisto.2026.10700,True,https://openalex.org/W7214376769
biblical interpretation,FINANCIAL POLICIES AND SUSTAINABILITY IN CHURCHES: A MIXED-METHODS STUDY OF SUB-SAHARAN AFRICA AND NORTH AMERICA,Bismark Owusu-Sekyere Adu; Tizor Apentsui Watson; Patience Allottey-Pappoe; Regina Ama Watson,2026,2026-09-25,Pentecost Journal of Leadership and Governance,article,0,https://doi.org/10.62868/pjlg.v1i1.297,True,https://openalex.org/W7214456289
incarnation,Simultaneous iterative reduction of large sparse matrix pairs with shift-and-invert Lanczos and Arnoldi methods,Roger B. Sidje,2026,2026-09-25,Annals of Computer Science and Information Systems,conference-paper,0,https://doi.org/10.15439/2026f9644,True,https://openalex.org/W7214363340
theological anthropology,From Polarization to Prudence: Encounter in an Age of Algorithmic Personalization,Patric Peters,2026,2026-09-25,Open Access Journals at BC (Boston College),article,0,,True,https://openalex.org/W7214565591
theological anthropology,A Eucharistic Theology of the Immigrant in JB Metz’s Memoria Passionis,Kenn Wandera,2026,2026-09-25,Open Access Journals at BC (Boston College),article,0,,True,https://openalex.org/W7214567851
theological anthropology,Kecerdasan Buatan dalam Pewartaan Iman: Perspektif Gereja Katolik Berdasarkan Dokumen Antiqua et Nova,Putranias Zebua,2026,2026-09-25,Journal New Light.,article,0,https://doi.org/10.62200/newlight.v4i2.288,True,https://openalex.org/W7214635054
incarnation,Flat from AdS: in any even dimension and for any spin,Xavier Bekaert; Andrea Campoleoni; Simon Pekar; S. I. Aadharsh Raj,2026,2026-09-25,Journal of High Energy Physics,article,0,https://doi.org/10.1007/jhep09(2026)269,True,https://openalex.org/W7214528105
incarnation,"Tributes in Honour of Maria Lis Lange: Scholar, Administrator, Activist, Leader",,2026,2026-09-25,African Minds eBooks,book,0,https://doi.org/10.47622/9780639891453,True,https://openalex.org/W7214401938
incarnation,Lis Lange: Ten Appreciations of a Scholar and Leader in Higher Education,Last Name,2026,2026-09-25,African Minds eBooks,book-chapter,0,https://doi.org/10.47622/9780639891453_2,True,https://openalex.org/W7214401334
incarnation,Patient narratives in an online hernia peer-support community: a qualitative netnographic analysis,Asim Abbas; Natyra Xharavina; Jackie Bullock; S. Chintapatla,2026,2026-09-25,Hernia,article,0,https://doi.org/10.1007/s10029-026-03860-y,True,https://openalex.org/W7214274781
biblical interpretation,"Artificial intelligence, religion, and society: ethical leadership and the shaping of value-based adaptive governance",Pauline Hope Cheong; Liming Liu; Ilona Nord; Leon Schleier; Gabriela Frey; Katharina Yadav; Thomas Schlag,2026,2026-09-25,AI and Ethics,article,0,https://doi.org/10.1007/s43681-026-01357-z,True,https://openalex.org/W7214334283
incarnation,Deus ex Machina’dan Deus in Machina’ya: Yapay Zekâ Tabanlı İsa Uygulamalarında Dinî Temsilin Dönüşümü,Esra Nur Çiftçi; Muhammet YEŞİLYURT,2026,2026-09-25,Dinbilimleri Akademik Araştırma Dergisi,article,0,https://doi.org/10.33415/daad.1961442,True,https://openalex.org/W7214275553
incarnation,The Influence of Ministerial Training in Enhancing Youth Participation in Mission Work of Protestant Churches in Kiserian Town Kenya,Jotham George Wekesa,2026,2026-09-25,International Journal of Professional Practice,article,0,https://doi.org/10.71274/ijpp.v14i5.771,True,https://openalex.org/W7214301135
incarnation,"Beyond the Intermediary: Vernacular Subversion, Ultabansi Rhetoric, and the Philosophy of Kabir",Sunanda Chakraborty,2026,2026-09-25,Anubodhan,article,0,https://doi.org/10.65885/anubodhan.v2n3.2026.113,True,https://openalex.org/W7214362071
incarnation,The Constitutionalisation of the State of Emergency under the German Basic Law – on the Way to a Total Constitution?,Anna-Bettina Kaiser,2026,2026-09-25,European Constitutional Law Review,article,0,https://doi.org/10.1017/s157401962610114x,True,https://openalex.org/W7214329518
incarnation,"The Path of Most Resistance: Remembering Lis Lange,1961–2025",John H. Higgins,2026,2026-09-25,African Minds eBooks,book-chapter,0,https://doi.org/10.47622/9780639891453_1,True,https://openalex.org/W7214345357
incarnation,Ecotheology and Christology,Francis Agbokou,2026,2026-09-25,,book-chapter,0,https://doi.org/10.4324/9781032646503-21,False,https://openalex.org/W7214348349
theological anthropology,Communication Strategies in the Genre of English Academic Admissions Interview: Linguocultural Analysis,I. M. Teplygina,2026,2026-09-25,Discourse,article,0,https://doi.org/10.32603/2412-8562-2026-12-4-179-193,True,https://openalex.org/W7214552886
theological anthropology,Front Matter,Emin Poljarević; Ivan Ejub Kostić,2026,2026-09-25,,paratext,0,https://doi.org/10.1002/9781394282517.fmatter,True,https://openalex.org/W7214369596
theological anthropology,Arap-İslam Düşüncesinde Şüphenin Semantik İnşasında ‘Rayb’ Kavramının Anlam Tezahürleri,Hamza Elyasino,2026,2026-09-25,Dinbilimleri Akademik Araştırma Dergisi,article,0,https://doi.org/10.33415/daad.1982977,True,https://openalex.org/W7214367617
theological anthropology,"Identity Abuse: A Proposed Clinical-Theological Framework for Acquired Identity Injury, Self-Perceptual Maintenance, and Chronic Self-Doubt",Elaine Briefman,2026,2026-09-25,Zenodo (CERN European Organization for Nuclear Research),preprint,0,https://doi.org/10.5281/zenodo.22962051,True,https://openalex.org/W7214352567
theological anthropology,Freud y la recepción historiográfica del Antiguo Egipto,Antonio Muñoz Herrera,2026,2026-09-25,REVISTA DE HISTORIOGRAFÍA (RevHisto),article,0,https://doi.org/10.20318/revhisto.2026.10340,True,https://openalex.org/W7214334741
biblical interpretation,Churns and Churning as a Solution for Preserving Excess Milk Yields and Surplus as Dairy Products: A Case Study from the Late Chalcolithic of the Southern Levant,Danny Rosenberg; Sonia Pinsky,2026,2026-09-25,Journal of Archaeological Research,article,0,https://doi.org/10.1007/s10814-026-09231-6,True,https://openalex.org/W7214346248
biblical interpretation,Blessed Are the Peacemakers: Matthew 5:9 And The Impossibility of the Kingdom Ethics in Northern Nigeria,PhD Rev. Fr. George Odafe; Bulus Audu Makama; PhD Assoc. Prof. Zechariah Bulus Takore; Philemon Cletus Gado,2026,2026-09-25,Iconic Research and Engineering Journals,article,0,https://doi.org/10.64388/irev10i3-1723377,True,https://openalex.org/W7214356422
theological anthropology,The Liberation of Hajar?,Jerusha Tanner Rhodes,2026,2026-09-25,,other,0,https://doi.org/10.1002/9781394282517.ch26,False,https://openalex.org/W7214326415
theological anthropology,Is flood a natural or human-made catastrophe? Pope Francis' ecological response in Laudato Si',Wilbert Gobbo,2026,2026-09-25,International Studies in Catholic Education,article,0,https://doi.org/10.1080/19422539.2026.2717407,True,https://openalex.org/W7214311318
theological anthropology,"Identity Abuse: A Proposed Clinical-Theological Framework for Acquired Identity Injury, Self-Perceptual Maintenance, and Chronic Self-Doubt",Elaine Briefman,2026,2026-09-25,Zenodo (CERN European Organization for Nuclear Research),preprint,0,https://doi.org/10.5281/zenodo.22962052,True,https://openalex.org/W7214293450
theological anthropology,"Wealth, Worship, and Welfare: Transformative Zakat and Qur’anic Ethics of Justice and Human Dignity",Sameeullah Bhat; Nasir Nabi,2026,2026-09-25,AZKA International Journal of Zakat & Social Finance,article,0,https://doi.org/10.51377/azjaf.vol7no2.275,True,https://openalex.org/W7214237213
theological anthropology,Systematic Literature Review on European Zakat Studies,Raisa Aribatul Hamidah; Azhar Alam; Ilhamuddin Muqsith,2026,2026-09-25,AZKA International Journal of Zakat & Social Finance,review,0,https://doi.org/10.51377/azjaf.vol7no2.268,True,https://openalex.org/W7214171245
biblical interpretation,"Custodians of the Interior Castle: Reclaiming Sacramental Realism, Canonical Order, and Mystical Purgation Against Modern Lay Ministerial Reductions",Fr Joseph Gee,2026,2026-09-25,Zenodo (CERN European Organization for Nuclear Research),article,0,https://doi.org/10.5281/zenodo.22957611,True,https://openalex.org/W7214368410
biblical interpretation,Collecting Hume: George Chalmers and the Materials of Biography,Ryu Susato,2026,2026-09-25,History of European Ideas,article,0,https://doi.org/10.1080/01916599.2026.2732980,True,https://openalex.org/W7214371880
incarnation,The University in Crisis Times: A Note or Two on Lis Lange’s Intellectual Contributions,Last Name,2026,2026-09-25,African Minds eBooks,book-chapter,0,https://doi.org/10.47622/9780639891453_7,True,https://openalex.org/W7214353293
biblical interpretation,"Decay in Ruskin's Architecture, Geology, and Wisdom",Kurt Espersen-Peters,2026,2026-09-25,,book,0,https://doi.org/10.4324/9781003685791,True,https://openalex.org/W7214387448
biblical interpretation,R.I.C. / RULING INTERPRETIVE CONSTRUCTS: AUTHOR'S THESIS,Darryl L. Ceaser,2026,2026-09-25,Knowledge Commons (Lakehead University),article,0,https://doi.org/10.17613/q0qbb-pf170,True,https://openalex.org/W7214439301
incarnation,Moana Ecotheologies,Tafatolu TAPALEAO; Brian Fiu Kolia,2026,2026-09-25,,book-chapter,0,https://doi.org/10.4324/9781032646503-15,False,https://openalex.org/W7214326647
recapitulation,The Workforce’s Judgement about a full Return to the Office Mandates: a transnational data analysis,MICHAL BENO,2026,2026-09-25,MONTENEGRIN JOURNAL OF ECONOMICS,article,0,https://doi.org/10.14254/1800-5845/2026.22-4.12,True,https://openalex.org/W7214291338
Christian anthropology,Hacia un marco de detección de emociones para la correspondencia histórica,Albina Sarymsakova; Sergio Bravo Sánchez; PATRICIA MARTÍN RODILLA; Judith Farré Vidal,2026,2026-09-25,REVISTA DE HISTORIOGRAFÍA (RevHisto),article,0,https://doi.org/10.20318/revhisto.2026.10703,True,https://openalex.org/W7214290266
church fathers,"Works for 9/24/2026 - Francis Eugene Cardinal George, O.M.I.",Ryan MacLean,2026,2026-09-25,Zenodo (CERN European Organization for Nuclear Research),conference-paper,0,https://doi.org/10.5281/zenodo.22948654,True,https://openalex.org/W7214284091
church fathers,Unearthing adjectives in Wolof: Lexical categories and typological implications,Víctor Acedo‐Matellán; Isabelle Roy,2026,2026-09-25,Natural Language & Linguistic Theory,article,0,https://doi.org/10.1007/s11049-026-09728-1,True,https://openalex.org/W7214288732
church fathers,Rites of healing in the tradition of the Orthodox Church: historical formation and pastoral ministry,Vladimir A. Sergunin; Pavel G. Oleynik,2026,2026-09-25,Богословский сборник Тамбовской духовной семинарии,article,0,https://doi.org/10.51216/2687-072x_2026_3_156-182,True,https://openalex.org/W7214294635
church fathers,Sounding Slovenian: The Cultural and Symbolic Significance of the Accordion,Drago Kunej,2026,2026-09-25,Český lid,article,0,https://doi.org/10.21104/cl.2026.3.07,True,https://openalex.org/W7214297404
church fathers,"Knowledge for, not of: Internal Quality Assurance and the Unfinished Work of Transformation in Higher Education",Last Name; Last Name,2026,2026-09-25,African Minds eBooks,book-chapter,0,https://doi.org/10.47622/9780639891453_4,True,https://openalex.org/W7214301573
church fathers,Papal Global Ambitions and Local Resistance through Franciscan Accounting Documents: The Case of the Custody of the Holy Land in the Seventeenth Century,Felicita Tramontana,2026,2026-09-25,Itinerario,article,0,https://doi.org/10.1017/s0165115326100904,True,https://openalex.org/W7214302123
church fathers,Epiplogue,Last Name,2026,2026-09-25,African Minds eBooks,book-chapter,0,https://doi.org/10.47622/9780639891453_epilogue,True,https://openalex.org/W7214306905
church fathers,"“Why Did Billy Graham Join the First Baptist Church in Dallas?”: Billy Graham, Church Membership, and the Pursuit of National Power",Joseph Locke,2026,2026-09-25,Church History,article,0,https://doi.org/10.1017/s0009640726103679,True,https://openalex.org/W7214307974
church fathers,The Role and Contribution of Lis Lange in the Council on Higher Education (2001–2011),Last Name,2026,2026-09-25,African Minds eBooks,book-chapter,0,https://doi.org/10.47622/9780639891453_3,True,https://openalex.org/W7214308372
church fathers,Forget Transformation; F*CK the University,Last Name,2026,2026-09-25,African Minds eBooks,book-chapter,0,https://doi.org/10.47622/9780639891453_10,True,https://openalex.org/W7214308985
Christian anthropology,Between Sex and Work: Regulating Webcamming Under the Platform Work Directive,Salomé Lannier; Hannah DeLacey; Rébecca Suzanne Franco; Hanne Marleen Stegeman,2026,2026-09-25,Feminist Legal Studies,article,0,https://doi.org/10.1007/s10691-026-09624-4,True,https://openalex.org/W7214297042
church fathers,"Works for 9/24/2026 - Francis Eugene Cardinal George, O.M.I.",Ryan MacLean,2026,2026-09-25,Zenodo (CERN European Organization for Nuclear Research),conference-paper,0,https://doi.org/10.5281/zenodo.22948655,True,https://openalex.org/W7214319402
church fathers,What is the Trinity in the Bible really? And why is the Bible's Trinity true!!!,Artmen Iliagtem,2026,2026-09-25,Zenodo (CERN European Organization for Nuclear Research),other,0,https://doi.org/10.5281/zenodo.22967797,True,https://openalex.org/W7214320038
church fathers,Thinking with Lis Lange: Intellectual Bureaucrats and the Unfinished University,Last Name,2026,2026-09-25,African Minds eBooks,book-chapter,0,https://doi.org/10.47622/9780639891453_6,True,https://openalex.org/W7214320213
church fathers,"Awareness of alcohol treatment options and barriers to treatment-seeking in Rombo District, Tanzania",Livini Tesha Donath; Ubaya Simon Msemwa,2026,2026-09-25,Discover Public Health,article,0,https://doi.org/10.1186/s12982-026-02861-7,True,https://openalex.org/W7214320301
church fathers,Case Report: From suspected congenital rubella to a lysosomal storage disorder—diagnostic challenges in a neonate with findings strongly suggestive of Gaucher disease,Ruifeng Tian; Shiwen Xia,2026,2026-09-25,Frontiers in Pediatrics,article,0,https://doi.org/10.3389/fped.2026.1877098,True,https://openalex.org/W7214325548
church fathers,Founding a Space of Epistemic Freedom,Last Name,2026,2026-09-25,African Minds eBooks,book-chapter,0,https://doi.org/10.47622/9780639891453_9,True,https://openalex.org/W7214326201
church fathers,Introduction,,2026,2026-09-25,African Minds eBooks,book-chapter,0,https://doi.org/10.47622/9780639891453_intro,True,https://openalex.org/W7214333527
church fathers,The spiritual will of Priest Confessor Luke (Voino-Yasenetsky) to Bishop Michael (Chub): from the pages of a letter,Feodosy Vasnev,2026,2026-09-25,Богословский сборник Тамбовской духовной семинарии,article,0,https://doi.org/10.51216/2687-072x_2026_3_130-155,True,https://openalex.org/W7214336116
church fathers,Conclusion,Last Name; Last Name,2026,2026-09-25,African Minds eBooks,book-chapter,0,https://doi.org/10.47622/9780639891453_conclusion,True,https://openalex.org/W7214340855
eschatology,The Conceptual Framework of Taqwa: A Comparative Exegetical Study of Classical and Contemporary Approaches with Reference to the 30th Juz of the Qur'an,Md. Ruhul Amin; Aklima Akter Akhi,2026,2026-09-25,QiST Journal of Quran and Tafseer Studies,article,0,https://doi.org/10.23917/qist.v5i3.17384,True,https://openalex.org/W7214431179
eschatology,Paul’s Deep Sense of Identity as a Foundation for his Role as a Visionary Leader According to the Narrative Portrayal in the Acts of the Apostles,Christoph Wilhelm Stenschke,2026,2026-09-25,Scandinavian Journal for Leadership & Theology,article,0,https://doi.org/10.53311/sjlt.v13.198,True,https://openalex.org/W7214371206
church fathers,Multi-Level Logit Model for Infant Mortality in Nigeria,Yusuf Lawan Mohammed,2026,2026-09-25,RESEARCH JOURNAL OF PURE SCIENCE AND TECHNOLOGY,article,0,https://doi.org/10.56201/rjpst.vol.8.no10.2025.pg130.140,True,https://openalex.org/W7214285330
church fathers,What is the Trinity in the Bible really? And why is the Bible's Trinity true!!!,Artmen Iliagtem,2026,2026-09-25,Zenodo (CERN European Organization for Nuclear Research),other,0,https://doi.org/10.5281/zenodo.22967796,True,https://openalex.org/W7214277958
eschatology,Evangelical and Pentecostal Ecotheologies,Daniela Rizzo,2026,2026-09-25,,book-chapter,0,https://doi.org/10.4324/9781032646503-11,False,https://openalex.org/W7214368282
eschatology,Exegetical Reception of Financial Planning Values in Surah Al-Hashr 18 among Students at UIN Sunan Kudus,Firdy Akmal Atqiyak; Mochamad Tholib Khoiril Waro; Althaf Husein Muzakky,2026,2026-09-25,QiST Journal of Quran and Tafseer Studies,article,0,https://doi.org/10.23917/qist.v5i2.20345,True,https://openalex.org/W7214448538
recapitulation,Sistem Informasi Operasional Teller Berbasis Web Untuk Monitoring Dan Pelaporan Real Time KSP Kopdit Bahtera,Elisabeth Faustina Gedho; Yosep D. Da Yen Khwuta; Rosalin Togo,2026,2026-09-25,Jurnal Teknologi Dan Sistem Informasi Bisnis,article,0,https://doi.org/10.47233/jteksis.v8i4.284,True,https://openalex.org/W7214296526
recapitulation,Gut microbiome shifts during frog development parallel host-association patterns across vertebrate lineages,Yun Seok Jeong; Pil Soo Kim; Euon Jung Tak; Hojun Sung; Jae Yun Lee; Hyun Sik Kim; Jin Woo Bae,2026,2026-09-25,Frontiers in Microbiology,article,0,https://doi.org/10.3389/fmicb.2026.1931668,True,https://openalex.org/W7214304801
recapitulation,From Cell Clusters to Complexity: Testicular Organoids as Emerging Platforms in Male Reproductive Research and Biotechnological Innovation,Merve Görgülü; Leyla Satı,2026,2026-09-25,Andrology,article,0,https://doi.org/10.1111/andr.70397,True,https://openalex.org/W7214320964
recapitulation,Independent basal ganglia neural populations encode speech production and ambient-noise levels,Latané Bullock; Matteo Vissani; Alan Bush; Jackie S. Kim; Lori L. Holt; Julie A. Fiez; Robert S. Turner; Todd M. Herrington; Jeffrey S. Schweitzer; Frank H. Guenther; Robert Mark Richardson,2026,2026-09-25,Nature Communications,article,0,https://doi.org/10.1038/s41467-026-77937-8,True,https://openalex.org/W7214326724
recapitulation,Colorectal cancer organoids: a developmental trajectory from Matrigel embedding to AI-empowered precision medicine,Muxin Tang; Lin Shaoyi; Qian Liang; Di Long,2026,2026-09-25,Frontiers in Oncology,article,0,https://doi.org/10.3389/fonc.2026.1901112,True,https://openalex.org/W7214349139
recapitulation,Contents,,2026,2026-09-25,Elsevier eBooks,paratext,0,https://doi.org/10.1016/b978-0-443-45130-0.00505-1,True,https://openalex.org/W7214350766
recapitulation,PDLIM2 in lung adenocarcinoma metastasis,Feng Gao; Yadong Xiao; Hongqiao Zhang; Steven D. Shapiro; Zhaoxia Qu; Gutian Xiao,2026,2026-09-25,Neoplasia,article,0,https://doi.org/10.1016/j.neo.2026.101371,True,https://openalex.org/W7214376265
recapitulation,Profiling of Aggregated Amyloid β42-induced Proteomic Alterations in KOLF2.1J Induced Pluripotent Stem Cell-derived Neurons,Benjamin Jin; Ziyi Li; Ying Hao; Isabelle Kowal; Jacob Epstein; Marianita Santiana; Cory Weller; Mike A. Nalls; Dingying Tao; 方圣云; Priyanka Narayan; Andrew B. Singleton; Kendall Van Keuren-Jensen; Luigi Ferrucci; Michael E. Ward; Mark R. Cookson; Erika Lara; Veronica H. Ryan; Yue Andy Qi,2026,2026-09-25,bioRxiv (Cold Spring Harbor Laboratory),preprint,0,https://doi.org/10.64898/2026.09.20.753014,True,https://openalex.org/W7214396160
patristics,Early Christianity and ECOTHEOLOGY,Paul Allen,2026,2026-09-25,,book-chapter,0,https://doi.org/10.4324/9781032646503-5,False,https://openalex.org/W7214370647
patristics,Co-evolution of RcsD and RcsF shapes signal transduction in the enterobacteriaceae Rcs system,Abdelraouf O. Dapour; Moustafa Shehata; Rania Siam; Nahla A. Hussein,2026,2026-09-25,PLoS ONE,article,0,https://doi.org/10.1371/journal.pone.0358890,True,https://openalex.org/W7214354117
patristics,Toward a Psychology of Humility in the Letters of St Basil the Great,James Anthony Athanasou,2026,2026-09-25,Zenodo (CERN European Organization for Nuclear Research),article,0,https://doi.org/10.5281/zenodo.22960592,True,https://openalex.org/W7214339446
patristics,"Under the Sun After Modernity: Ecclesiastes, the Search for Meaning, and Christian Reading in a Postmodern Literary Culture",Daniel J. Grace,2026,2026-09-25,Zenodo (CERN European Organization for Nuclear Research),preprint,0,https://doi.org/10.5281/zenodo.22948764,True,https://openalex.org/W7214332298
patristics,Ética humana en la era de los estudios medievales basados en IA,Migle Laukyte,2026,2026-09-25,REVISTA DE HISTORIOGRAFÍA (RevHisto),article,0,https://doi.org/10.20318/revhisto.2026.10704,True,https://openalex.org/W7214324281
patristics,"Under the Sun After Modernity: Ecclesiastes, the Search for Meaning, and Christian Reading in a Postmodern Literary Culture",Daniel J. Grace,2026,2026-09-25,Zenodo (CERN European Organization for Nuclear Research),preprint,0,https://doi.org/10.5281/zenodo.22948765,True,https://openalex.org/W7214317163
patristics,La larga sombra del paganismo en la Hispania visigoda,Rocío Suárez Vallejo,2026,2026-09-25,REVISTA DE HISTORIOGRAFÍA (RevHisto),article,0,https://doi.org/10.20318/revhisto.2026.9660,True,https://openalex.org/W7214310134
patristics,Orthodox Ecotheology,Elizabeth Theokritoff,2026,2026-09-25,,book-chapter,0,https://doi.org/10.4324/9781032646503-9,False,https://openalex.org/W7214297624
patristics,Toward a Psychology of Humility in the Letters of St Basil the Great,James Anthony Athanasou,2026,2026-09-25,Zenodo (CERN European Organization for Nuclear Research),article,0,https://doi.org/10.5281/zenodo.22960591,True,https://openalex.org/W7214295937
patristics,Modern significance of the teaching of Saint Theophan the Recluse on the meeting of man with God,Николай Николаевич Павлюченков,2026,2026-09-25,Богословский сборник Тамбовской духовной семинарии,article,0,https://doi.org/10.51216/2687-072x_2026_3_30-49,True,https://openalex.org/W7214288703
recapitulation,Validity and Feasibility of Indonesian Language Syntax Textbooks Based on Concept Maps,Tri Astuti; Nur Nisai Muslihah; Suwardi Endraswara,2026,2026-09-25,Tabasa Jurnal Bahasa Sastra Indonesia dan Pengajarannya,article,0,https://doi.org/10.22515/tabasa.v7i02.14993,True,https://openalex.org/W7214501133
recapitulation,The Impact Analysis of Multi-Stakeholder Partnership Practice Models Toward Dairy Cooperatives’ Sustainability,Budwi Brontosantoso,2026,2026-09-25,Jurnal Ilmiah Manajemen Kesatuan,article,0,https://doi.org/10.37641/jimkes.v14i5.5358,True,https://openalex.org/W7214584336
recapitulation,The United States' Renewed Engagement in Central Asia: Great-Power Competition after Russia's Attacks on Ukraine,Mariam Tahir Mariam Tahir,2026,2026-09-25,FWU Journal of Social Sciences,article,0,https://doi.org/10.51709/19951272/september2026/13,True,https://openalex.org/W7214609039
Irenaeus,"Pagan peoples in the books of the Minor Prophets Hosea, Joel, Amos, Obadiah, Jonah, and Micah: an analysis of the religious and historical context",Alexander S. Bykanov,2026,2026-09-25,Богословский сборник Тамбовской духовной семинарии,article,0,https://doi.org/10.51216/2687-072x_2026_3_50-66,True,https://openalex.org/W7214361484
church fathers,Lis Lange: A Towering Leader in Higher Education,Last Name,2026,2026-09-25,African Minds eBooks,book-chapter,0,https://doi.org/10.47622/9780639891453_8,True,https://openalex.org/W7214312073
eschatology,Eschatology and Ecotheology,Timothy Harvie,2026,2026-09-25,,book-chapter,0,https://doi.org/10.4324/9781032646503-22,False,https://openalex.org/W7214361017
pneumatology,Catholic Ecotheology,Daniel P. Scheid,2026,2026-09-25,,book-chapter,0,https://doi.org/10.4324/9781032646503-8,False,https://openalex.org/W7214304511
Christian anthropology,Metals and Healing of Illnesses in Niger Delta: The Ogba Experience,T.E. Oko-Jaja,2026,2026-09-25,African Journal of History and Archaeology,article,0,https://doi.org/10.56201/ajha.v10.no1.2026.pg1.14,True,https://openalex.org/W7214297606
Christian anthropology,The Right Mobilizing Against Gender and Women’s Rights in Latin America,Julia Zulver; Kiran Stallone; Leigh A. Payne,2026,2026-09-25,Latin American Politics and Society,article,0,https://doi.org/10.1017/lap.2026.10068,True,https://openalex.org/W7214321495
Christian anthropology,Decolonising global health evaluations: A scoping review of methodological frameworks,Sali Hafez; Agata Pacho; Seyi Soremekun; Meghna Ranganathan; Mitzy Gafos; Lucy Platt; Ruth Ponsford,2026,2026-09-25,PLOS Global Public Health,article,0,https://doi.org/10.1371/journal.pgph.0007362,True,https://openalex.org/W7214337205
recapitulation,Roadmap collaborative research on structured magnetic elastomers and their material behavior–bridging from fundamental and materials science to educational science,Henning Reinken; Karl A. Kalina; Deniz C. Senel; Heinrich T. Roth; Nils Magin; Konstantin Gerstenberger; Lukas Fischer; Konstantin Leonidas Zisiadis; Markus Heiber; Reza Azizmalayeri; Stefan Michel; Maximilian Lange; Nelly Pappermann; Muhammed Muhsin Abdul Azeez; Markus Kästner; Stefan Odenbach; Bianca Watzka; Günter K. Auernhammer; Andreas M. Menzel,2026,2026-09-25,The European Physical Journal E,article,0,https://doi.org/10.1140/epje/s10189-026-00635-2,True,https://openalex.org/W7214275339
Christian anthropology,"One is Not Born, But Rather Becomes Normal: Towards a Critical Phenomenology of the Lifeworld",Lisa Guenther,2026,2026-09-25,Research Square,preprint,0,https://doi.org/10.21203/rs.3.rs-11037316/v1,True,https://openalex.org/W7214350570
Christian anthropology,To be(long) or not to be(long): Literature and community,Svend Erik Larsen,2026,2026-09-25,Orbis Litterarum,article,0,https://doi.org/10.1111/oli.70073,True,https://openalex.org/W7214359630
Christian anthropology,"Collectivism–Individualism Cultural Cleavage, Local Institutions and Prosocial Behaviour: Evidence From Household Electricity Theft in India",Sitakanta Panda,2026,2026-09-25,Journal of International Development,article,0,https://doi.org/10.1002/jid.70120,True,https://openalex.org/W7214368607
Christian anthropology,Children and young people as future-makers: alterity in futuring and worldmaking practices,Tatek Abebe; Matthew C. Benwell; Spyros Spyrou; Catherine Walker,2026,2026-09-25,Children s Geographies,editorial,0,https://doi.org/10.1080/14733285.2026.2732977,True,https://openalex.org/W7214370588
Christian anthropology,"History, Morality, and Cuisine in Kaifeng: An Anthropological-Historical Study",Yi Qiao,2026,2026-09-25,Research Square,preprint,0,https://doi.org/10.21203/rs.3.rs-10758008/v1,True,https://openalex.org/W7214377189
Christian anthropology,Ethnic Minorities in the South Caucasus,Vincenc Kopeček,2026,2026-09-25,,book,0,https://doi.org/10.4324/9781003154778,True,https://openalex.org/W7214391966
Christian anthropology,Eastern African expressions of suffering: A new Cultural Scripts of Trauma Inventory,Célestin Mutuyimana; And﻿re﻿as Maercker,2026,2026-09-25,PLoS ONE,article,0,https://doi.org/10.1371/journal.pone.0358482,True,https://openalex.org/W7214397662
Christian anthropology,The spatial and legal performance of property at squats: the Prestes Maia occupation in São Paulo,Matthew Wellington Caulkins,2026,2026-09-25,Revista da Faculdade de Direito UFPR,article,0,https://doi.org/10.5380/rfdufpr.v71i1.105915,True,https://openalex.org/W7214584652
Christian anthropology,"Perspective Chapter: For Family Caregiving, Between a Global Bioethical Approach and a Catholic-Personalist Bioethical Approach",Federico D’ Angiolillo,2026,2026-09-25,IntechOpen eBooks,book-chapter,0,https://doi.org/10.5772/intechopen.1017950,True,https://openalex.org/W7214665833
eschatology,"DESLOCAR O MAL É EXPLICÁ-LO? AGÊNCIA, DEPENDÊNCIA ONTOLÓGICA E PERMISSÃO DIVINA NAS RESPOSTAS RELIGIOSAS AO PROBLEMA DO MAL",Pablo Dietrich,2026,2026-09-25,Revista Tópicos.,article,0,https://doi.org/10.70773/revistatopicos/790274409,True,https://openalex.org/W7214348858
Christian anthropology,Representations of Homosexuality in Jude Dibia’s Walking with Shadows and Uzodinma Iweala’s Speak No Evil,Karen Sewuese Dogoh,2026,2026-09-25,Journal of Arts Meaning and Public Life,article,0,https://doi.org/10.61298/jampl.2026.1.2.426,True,https://openalex.org/W7214345800
eschatology,"Some Notes on La Faiseuse D'anges ( A Fazedora De Anjos , 1908), by Pedro Weingärtner",Gustavo Ramos Silva,2026,2026-09-25,Future Humanities,article,0,https://doi.org/10.1002/fhu2.70032,True,https://openalex.org/W7214343745
eschatology,POLAR ASYMMETRY OF EVALUATIVITY IN OLD ENGLISH,Olga Soloviova,2026,2026-09-25,Humanities science current issues,article,0,https://doi.org/10.24919/2308-4863/102-28,True,https://openalex.org/W7214334754
theological anthropology,EKSPLORASI GRUP DIHEDRAL PADA ORNAMEN MASJID MUNGSOLKANAS BANDUNG: SEBUAH STUDI ETNOMATEMATIKA,Didi Suhaedi; M Nadzir Soleh; Tia Purniati,2026,2026-09-24,AKSIOMA Jurnal Program Studi Pendidikan Matematika,article,0,https://doi.org/10.24127/ajpm.v15i3.16789,True,https://openalex.org/W7214530785
recapitulation,Human iPSC-derived 2D cortical neurons and 3D cortical organoids show fetal brain proteomic similarity and distinct phosphoproteomic profiles,Rawan Albatarni; Sunkyu Choi; Kyung Chul Shin; Praveen Babu Vemulapalli; Mohammed R. Shaker; Frank Schmidt; Yongsoo Park,2026,2026-09-24,Frontiers in Bioengineering and Biotechnology,article,0,https://doi.org/10.3389/fbioe.2026.1932407,True,https://openalex.org/W7214226657
recapitulation,Reviewer #3 (Public review): Large scale prospective evaluation of co-folding across hundreds of Mac1-ligand complexes and three virtual screens,Jongbin Kim; G.J. Correy; Brendan W. Hall; Moira M. Rachman; Olivier Mailhot; Takaya Togo; Ryan L. Gonciarz; Priyadarshini Jaishankar; R Jeffrey Neitz; Eric R. Hantz; Yagmur Umay Doruk; Maisie GV Stevens; Morgan E. Diolaiti; Rashad Reid; Saumya Gopalkrishnan; Nevan J Krogan; Adam R Renslo; Alan Ashworth; Brian K Shoichet; James S Fraser,2026,2026-09-24,,peer-review,0,https://doi.org/10.7554/elife.110475.2.sa1,True,https://openalex.org/W7214149966
recapitulation,Development of a Web-Based Timesheet Information System Using the Waterfall Method: A Case Study of PT. Darya Elang Caraka,Muhammad Ridwan Effendi; Muhammad Jihad Fiisabilillah; Priatno,2026,2026-09-24,Jurnal Teknologi Informatika dan Komputer,article,0,https://doi.org/10.37012/jtik.v11i2.3966,True,https://openalex.org/W7214149065
recapitulation,Author response: The livebearers platyfish and swordtails partially regenerate their hearts with persistent scarring,Vincent Hisler; Lana Rees; Simon Blanchoud; Heidi EL Lischer; Rémy Bruggmann; Anna Jaźwińska,2026,2026-09-24,,peer-review,0,https://doi.org/10.7554/elife.109441.2.sa0,True,https://openalex.org/W7214145258
recapitulation,Rethinking non-human primate models for emerging viral infections after COVID-19,Dong‐Yeon Kim; Jung Joo Hong,2026,2026-09-24,Laboratory Animal Research,article,0,https://doi.org/10.1186/s42826-026-00299-1,True,https://openalex.org/W7214114680
imago Dei,Pemberdayaan Ekonomi Kreatif Berbasis Spiritualitas Bagi Perempuan di Kampung Raja Prailiu Menurut Perspektif Teologi Feminis,Mariska Lauterboom; Astrid Bonik Lusi; Iston Umbu Kura Lena; Veiga Renaissance Bala,2026,2026-09-24,Regula Fidei Jurnal Pendidikan Agama Kristen,article,0,https://doi.org/10.33541/rfidei.v11i2.443,True,https://openalex.org/W7214162239
recapitulation,Investigating Precursor Spatial Organization in Osteoclastogenesis Using DNA-Directed Cell Patterning,Alaleh Foroozandehfar; Jaden L. Petersen; Molly Kozminsky,2026,2026-09-24,ACS Applied Bio Materials,article,0,https://doi.org/10.1021/acsabm.6c01241,True,https://openalex.org/W7214244712
Christian anthropology,L’essence du territoire en quelques mots : vers une lecture linguistique et néo-localiste des slogans agroalimentaires français,Sergio Piscopo,2026,2026-09-24,Linguistik Online,article,0,https://doi.org/10.13092/vccbyk47,True,https://openalex.org/W7214157983
Christian anthropology,From Guardians to Ghosts: The Presence of Spirits Reflecting Ethno-Religious and Ethno-Cultural Identity in Northeast Indian English Literature,Muhammad Yaeen; Raihanah M M,2026,2026-09-24,World Journal of English Language,article,0,https://doi.org/10.5430/wjel.v17n1p102,True,https://openalex.org/W7214157166
Christian anthropology,Far beyond the obvious: complexity and narrative perspectives in Hayao Miyazaki’s anime films,Orsolya Rákai,2026,2026-09-24,Neohelicon,book-chapter,0,https://doi.org/10.1007/s11059-026-00890-4,True,https://openalex.org/W7214150336
Christian anthropology,"Roda Ardansa: Unpacking The Roda Mundansa, The Kristang Creole-Indigenous Reconstructed History of the World, As Excavated from Myth, Legend, Science Fiction and Fantasy",Tuan Raja Naga Ultramar Kevin Martens Wong Zhi Qiang,2026,2026-09-24,INTERNATIONAL JOURNAL OF MULTIDISCIPLINARY RESEARCH AND ANALYSIS,article,0,https://doi.org/10.47191/ijmra/v9-i9-26,True,https://openalex.org/W7214007570
theological anthropology,Da sacralidade violenta à caritas pós-metafísica: por uma antropologia teológica não-religiosa em Gianni Vattimo,Lucas Freitas; Renato Kirchner,2026,2026-09-24,Fronteiras - Revista de Teologia da Unicap,article,0,https://doi.org/10.25247/2595-3788.2026.v9n1.p83-110,True,https://openalex.org/W7214225087
recapitulation,Permeability-Based Measurement of Nanobody Binding to Nuclear Pore Complexes by Transient Scanning Electrochemical Microscopy,Moghitha Parandhaman; Siao-Han Huang; Kathryn G. Dzurik; W. Seth Childers; Shigeru Amemiya,2026,2026-09-24,Analytical Chemistry,article,0,https://doi.org/10.1021/acs.analchem.6c04319,True,https://openalex.org/W7214218215
recapitulation,Reviewer #1 (Public review): Large scale prospective evaluation of co-folding across hundreds of Mac1-ligand complexes and three virtual screens,Jongbin Kim; G.J. Correy; Brendan W. Hall; Moira M. Rachman; Olivier Mailhot; Takaya Togo; Ryan L. Gonciarz; Priyadarshini Jaishankar; R Jeffrey Neitz; Eric R. Hantz; Yagmur Umay Doruk; Maisie GV Stevens; Morgan E. Diolaiti; Rashad Reid; Saumya Gopalkrishnan; Nevan J Krogan; Adam R Renslo; Alan Ashworth; Brian K Shoichet; James S Fraser,2026,2026-09-24,,peer-review,0,https://doi.org/10.7554/elife.110475.2.sa2,True,https://openalex.org/W7214154982
recapitulation,eLife Assessment: Large scale prospective evaluation of co-folding across hundreds of Mac1-ligand complexes and three virtual screens,Fabrizio Marinelli,2026,2026-09-24,,peer-review,0,https://doi.org/10.7554/elife.110475.2.sa3,True,https://openalex.org/W7214217301
recapitulation,Dynamics of prey-predator interactions embedded with global warming and prosocial behavioral frameworks,Mohammad Sharif Ullah; Eymard Hernández–López; Jin Wang,2026,2026-09-24,Modeling Earth Systems and Environment,article,0,https://doi.org/10.1007/s40808-026-02883-9,True,https://openalex.org/W7214206600
recapitulation,Reviewer #2 (Public review): The livebearers platyfish and swordtails partially regenerate their hearts with persistent scarring,Vincent Hisler; Lana Rees; Simon Blanchoud; Heidi EL Lischer; Rémy Bruggmann; Anna Jaźwińska,2026,2026-09-24,,peer-review,0,https://doi.org/10.7554/elife.109441.2.sa1,True,https://openalex.org/W7214204118
recapitulation,The livebearers platyfish and swordtails partially regenerate their hearts with persistent scarring,Vincent Hisler; Lana Rees; Simon Blanchoud; Heidi EL Lischer; Rémy Bruggmann; Anna Jaźwińska,2026,2026-09-24,eLife,preprint,0,https://doi.org/10.7554/elife.109441.2,True,https://openalex.org/W7214199834
patristics,BTSP: Supporting data and code for phenotype-driven bacterial Pan-GWAS,Bogovid Živković,2026,2026-09-24,Zenodo (CERN European Organization for Nuclear Research),other,0,https://doi.org/10.5281/zenodo.22934791,True,https://openalex.org/W7214224936
recapitulation,Stimuli-responsive bioinks for bioprinted cancer models: Toward personalized drug screening and resistance modeling,Jing Zeng; Wei-Jian Ni,2026,2026-09-24,International Journal of Bioprinting,article,0,https://doi.org/10.36922/ijb026350377,True,https://openalex.org/W7214572643
recapitulation,eLife Assessment: The livebearers platyfish and swordtails partially regenerate their hearts with persistent scarring,Mathilda T.M. Mommersteeg,2026,2026-09-24,,peer-review,0,https://doi.org/10.7554/elife.109441.2.sa3,True,https://openalex.org/W7214193786
recapitulation,Large scale prospective evaluation of co-folding across hundreds of Mac1-ligand complexes and three virtual screens,Jongbin Kim; G.J. Correy; Brendan W. Hall; Moira M. Rachman; Olivier Mailhot; Takaya Togo; Ryan L. Gonciarz; Priyadarshini Jaishankar; R Jeffrey Neitz; Eric R. Hantz; Yagmur Umay Doruk; Maisie GV Stevens; Morgan E. Diolaiti; Rashad Reid; Saumya Gopalkrishnan; Nevan J. Krogan; Adam R. Renslo; Alan Ashworth; Brian K. Shoichet; James S. Fraser,2026,2026-09-24,eLife,preprint,0,https://doi.org/10.7554/elife.110475.2,True,https://openalex.org/W7214179322
recapitulation,Reviewer #1 (Public review): The livebearers platyfish and swordtails partially regenerate their hearts with persistent scarring,Vincent Hisler; Lana Rees; Simon Blanchoud; Heidi EL Lischer; Rémy Bruggmann; Anna Jaźwińska,2026,2026-09-24,,peer-review,0,https://doi.org/10.7554/elife.109441.2.sa2,True,https://openalex.org/W7214176492
recapitulation,Regulatory time-kill sequencing maps antibiotic-specific transcriptional control of Escherichia coli persistence at genome scale,Alden Filko; Yichao Han; Fuzhong Zhang,2026,2026-09-24,Frontiers in Microbiology,article,0,https://doi.org/10.3389/fmicb.2026.1950209,True,https://openalex.org/W7214175016
recapitulation,Discussion and recommendations,Meabh Ivers,2026,2026-09-24,,book-chapter,0,https://doi.org/10.4324/9781003766049-9,False,https://openalex.org/W7214150739
recapitulation,"Surface marker-defined functional subpopulations of mesenchymal stromal cells: mechanisms, applications, and clinical translation",Shuang Wu; Shengmeng Yuan; Jiting Li; Wenqi Sun; Fangjun Huo; Lei Liu; Chao Yang; Weidong Tian,2026,2026-09-24,Frontiers in Bioengineering and Biotechnology,article,0,https://doi.org/10.3389/fbioe.2026.1911125,True,https://openalex.org/W7214157994
theological anthropology,Girls' Transition from Adolescence to Adulthood in Classical Greece: Historical Evidence of Social Customs and Their Visual Representations,Zala Napečnik,2026,2026-09-24,Repository of the University of Ljubljana (University of Ljubljana),dissertation,0,,True,https://openalex.org/W7214566748
recapitulation,Rancang Bangun Sistem Informasi Penjualan Dan Monitoring Laba Rugi Beras Berbasis Website Pada Kios Josua,Aplonaris Ivan Parera; Maria Adelvin Londa; Rosalin Togo,2026,2026-09-24,Jurnal Teknologi Dan Sistem Informasi Bisnis,article,0,https://doi.org/10.47233/jteksis.v8i4.293,True,https://openalex.org/W7214165787
recapitulation,singIST: an R/bioconductor library and quarto dashboard for automated single-cell comparative transcriptomics analysis of disease models and humans,Aitor Moruno-Cuenca; Sergio Picart‐Armada; Alexandre Perera-Lluna; Francesc Fernández-Albert,2026,2026-09-24,Frontiers in Genetics,article,0,https://doi.org/10.3389/fgene.2026.1952333,True,https://openalex.org/W7214227147
pneumatology,Concrete Gifts of Grace for Spiritual People in a Developing Church,Norman Scott Brodeur,2026,2026-09-24,Fronteiras - Revista de Teologia da Unicap,article,0,https://doi.org/10.25247/2595-3788.2026.v9n1.p220-242,True,https://openalex.org/W7214240065
theological anthropology,Editorial: Flourishing in Religious Communities,Jonathan C. Rutledge; Sabrina B. Little,2026,2026-09-24,TheoLogica An International Journal for Philosophy of Religion and Philosophical Theology,editorial,0,https://doi.org/10.14428/thl.v10i1.94223,True,https://openalex.org/W7214320313
recapitulation,Chirality is invisible to displacement data: a general symmetry-group criterion and taxonomy for the identifiability of active tissue deformations,Rachèle Allena,2026,2026-09-24,Research Square,preprint,0,https://doi.org/10.21203/rs.3.rs-11031618/v1,True,https://openalex.org/W7214232391
recapitulation,Developing a strain‐dependent susceptibility to hepatocellular carcinoma in a murine model based on histopathological evidence and genetic context,Osayd Zohud; Aysar Nashef; Abu Elnaaj; Fuad A. Iraqi,2026,2026-09-24,Animal Models and Experimental Medicine,article,0,https://doi.org/10.1002/ame2.70283,True,https://openalex.org/W7214235298
recapitulation,The Future History of Betsy Ross,Charles Hardy III,2026,2026-09-24,,book-chapter,0,https://doi.org/10.1093/9780197835470.003.0016,False,https://openalex.org/W7214240424
imago Dei,Crítica à ontologia jurídica e a sua trajetória no Império Romano cristianizado,Cláudio Brandão,2026,2026-09-24,Fronteiras - Revista de Teologia da Unicap,article,0,https://doi.org/10.25247/2595-3788.2026.v9n1.p307-324,True,https://openalex.org/W7214167402
theological anthropology,Imago Dei dalam Pendidikan Agama Kristen sebagai Praksis Pembebasan Menurut Gustavo Gutiérrez dan Konfesi HKBP,Helen Yulanda Helen Yulanda; Pintor Marihot Sitanggang,2026,2026-09-24,Regula Fidei Jurnal Pendidikan Agama Kristen,article,0,https://doi.org/10.33541/rfidei.v11i2.465,True,https://openalex.org/W7214224745
theological anthropology,"Potions, principles, and the power within: healing between science and spirit in nineteenth-century America",Sanaullah Khan,2026,2026-09-24,Medical History,article,0,https://doi.org/10.1017/mdh.2026.10080,True,https://openalex.org/W7214218149
theological anthropology,Triadic Tutelary Deities of Ancient Maya Polities: The Case of Caracol in Context,Christophe G. B. Helmke; Joanne P. Baron; Arlen F. Chase,2026,2026-09-24,Ancient Mesoamerica,article,0,https://doi.org/10.1017/s0956536126101023,True,https://openalex.org/W7214209795
theological anthropology,Chesterton's Theology of the Arts,David Pickering,2026,2026-09-24,The Heythrop Journal,article,0,https://doi.org/10.1111/heyj.70109,True,https://openalex.org/W7214208176
theological anthropology,Community Needs and Assets Mapping in Islamic Education: Strengthening Stakeholder Collaboration for Community Empowerment and Social Transformation,Erwin Febrian Syuhada; Shulton Fathoni,2026,2026-09-24,Al Ghazali.,article,0,https://doi.org/10.69900/ag.v6i6.720,True,https://openalex.org/W7214201298
theological anthropology,Reinterpreting Sasak Tuselak Mystical Heritage into Indigenous Pedagogy for Culturally Responsive Education,Mohammad Liwa Irrubai; Marham Jupri Hadi,2026,2026-09-24,Research Square,preprint,0,https://doi.org/10.21203/rs.3.rs-10748027/v1,True,https://openalex.org/W7214187440
theological anthropology,"Lugones with Kant: Categories, Gender, Colonialism",Efraín Lazos,2026,2026-09-24,Canadian Journal of Philosophy,article,0,https://doi.org/10.1017/can.2026.10100,True,https://openalex.org/W7214180063
theological anthropology,Linguistic categorisation of colours and their prototypes in Serbian,Maja Savić; Milena Jakić Šimšić; Darinka Anđelković,2026,2026-09-24,Primenjena psihologija,article,0,https://doi.org/10.19090/pp.v19i3.2766,True,https://openalex.org/W7214175893
theological anthropology,"The Ketupat War as a Cultural Performance: Ritual, Community Participation, and Cultural Preservation in Tempilang, Bangka Belitung",Fawarti Gendra Nata Utami; Budi Setiyono; Muhammad Fazli Taib Saearani,2026,2026-09-24,Bahasa dan Seni Jurnal Bahasa Sastra Seni dan Pengajarannya,article,0,https://doi.org/10.17977/2550-0635.1452,True,https://openalex.org/W7214144281
theological anthropology,A Foundational Acknowledgment: Vibe as the Felt Medium of Human Participation and the Topography of Pursuits,Ravindra Kumar Sharma,2026,2026-09-24,Research Square,preprint,0,https://doi.org/10.21203/rs.3.rs-10332758/v1,True,https://openalex.org/W7163822294
eschatology,Shepherding the Bomb: How Catholic Bishops’ Conferences Constructed Competing National Myths of Nuclear Peace During the Cold War,Brian K. Muzas,2026,2026-09-24,Religions,article,0,https://doi.org/10.3390/rel17101117,True,https://openalex.org/W7214159404
theological anthropology,Apresentação: Dossiê Religião e Violência,Faustino dos Santos,2026,2026-09-24,Fronteiras - Revista de Teologia da Unicap,article,0,https://doi.org/10.25247/2595-3788.2026.v9n1.p1-12,True,https://openalex.org/W7214234091
eschatology,"Joseph Ratzinger's Theology of Spiritual and Moral Evil, Demons and Hell",Renato Bonasera,2026,2026-09-24,Zenodo (CERN European Organization for Nuclear Research),article,0,https://doi.org/10.5281/zenodo.22929242,True,https://openalex.org/W7214216592
eschatology,"Can the Eschatological Category Ignite Without Humans? — Future-Configuration Generation, Reality Penetration, Recursive Circulation, Xeno-Capital, and Xenoscience",Fujie Naoto,2026,2026-09-24,Zenodo (CERN European Organization for Nuclear Research),dataset,0,https://doi.org/10.5281/zenodo.22938619,True,https://openalex.org/W7214231504
eschatology,"Death, Consciousness, and Ontological Restoration: A QMH Interpretation of Rabbi Elazar's Eschatological Vision Through Torah Epistemology Swallowing Death Forever: A Torah-Epistemological and QMH Analysis of Eschatological Consciousness in Rabbi Elazar's Teaching",Stephen I. Ternyik; Al Fermelia,2026,2026-09-24,,article,0,https://doi.org/10.13140/rg.2.2.20092.09608/1,True,https://openalex.org/W7214242205
eschatology,The scaffolding of totalitarian resilience: sacrificial legitimacy and the management of failure in the Cuban Revolution,Raisiel Rodríguez Gonzalez,2026,2026-09-24,Politics Religion & Ideology,article,0,https://doi.org/10.1080/21567689.2026.2738115,True,https://openalex.org/W7214242755
eschatology,"Joseph Ratzinger's Theology of Spiritual and Moral Evil, Demons and Hell",Renato Bonasera,2026,2026-09-24,Zenodo (CERN European Organization for Nuclear Research),article,0,https://doi.org/10.5281/zenodo.22929241,True,https://openalex.org/W7214244959
recapitulation,Author response: Large scale prospective evaluation of co-folding across hundreds of Mac1-ligand complexes and three virtual screens,Jongbin Kim; G.J. Correy; Brendan W. Hall; Moira M. Rachman; Olivier Mailhot; Takaya Togo; Ryan L. Gonciarz; Priyadarshini Jaishankar; R Jeffrey Neitz; Eric R. Hantz; Yagmur Umay Doruk; Maisie GV Stevens; Morgan E. Diolaiti; Rashad Reid; Saumya Gopalkrishnan; Nevan J Krogan; Adam R Renslo; Alan Ashworth; Brian K Shoichet; James S Fraser,2026,2026-09-24,,peer-review,0,https://doi.org/10.7554/elife.110475.2.sa0,True,https://openalex.org/W7214169037
eschatology,"Can the Eschatological Category Ignite Without Humans? — Future-Configuration Generation, Reality Penetration, Recursive Circulation, Xeno-Capital, and Xenoscience",Fujie Naoto,2026,2026-09-24,Zenodo (CERN European Organization for Nuclear Research),dataset,0,https://doi.org/10.5281/zenodo.22938618,True,https://openalex.org/W7214212830
patristics,"Participation without Absorption: Divine Indwelling, Theosis, and the Ontological Grammar of Salvation in Witness Lee",Daniel J. Grace,2026,2026-09-24,Zenodo (CERN European Organization for Nuclear Research),preprint,0,https://doi.org/10.5281/zenodo.22936353,True,https://openalex.org/W7214218038
biblical interpretation,"Ubuntu as a Lived Pathway to Religious Inculturation in Liberia: Reclaiming Indigenous Faith, Strengthening Christian Identity, and Revitalizing African Heritage in the Modern Era",Allen Paye; Mwita James,2026,2026-09-24,International Journal of Recent Advances in Multidisciplinary Topics,article,0,https://doi.org/10.65138/ijramt.2026.v7i9.3329,True,https://openalex.org/W7214158894
incarnation,Group Actions and Chromatic Homotopy Theory,Markus Hausmann,2026,2026-09-24,Jahresbericht der Deutschen Mathematiker-Vereinigung,article,0,https://doi.org/10.1365/s13291-026-00312-5,True,https://openalex.org/W7214171106
incarnation,"Artificial Intelligence and the ""Body of Christ"": Applying 1 Corinthians 12 in the Digital Age",Paul Danbaki Jatau,2026,2026-09-24,Zenodo (CERN European Organization for Nuclear Research),article,0,https://doi.org/10.5281/zenodo.22938375,True,https://openalex.org/W7214147887
biblical interpretation,Mediating the More-than-Human: Intermedial Semiotics and Multimedia Ecologies in AI-Driven Environmental Art,Asunción López–Varela Azcárate,2026,2026-09-24,IntechOpen eBooks,book-chapter,0,https://doi.org/10.5772/intechopen.1016906,True,https://openalex.org/W7214154055
biblical interpretation,A imagem de Deus como perpetrador da violência em Is 47,Zuleica Aparecida Silvano,2026,2026-09-24,Fronteiras - Revista de Teologia da Unicap,article,0,https://doi.org/10.25247/2595-3788.2026.v9n1.p23-41,True,https://openalex.org/W7214156308
biblical interpretation,Biblical Echoes and Theological Interpretation: A Companion to the Unified Computational and Biblical Story Model,Roberts Reynaldo,2026,2026-09-24,Zenodo (CERN European Organization for Nuclear Research),article,0,https://doi.org/10.5281/zenodo.22938503,True,https://openalex.org/W7214173855
biblical interpretation,"Unified Computational and Biblical Story Model: Worlds, Witnesses, and Possible Interfaces",Roberts Reynaldo,2026,2026-09-24,Zenodo (CERN European Organization for Nuclear Research),article,0,https://doi.org/10.5281/zenodo.22938178,True,https://openalex.org/W7214173923
biblical interpretation,"Martyria, Above All: Reconfiguration of the Constitutive Elements Theory of the Church for the Synodal Pastoral Ministry of the Catholic Church",Michal Opatrný,2026,2026-09-24,Irish Theological Quarterly,article,0,https://doi.org/10.1177/00211400261488993,True,https://openalex.org/W7214198337
biblical interpretation,"Iron Age Trade in Bronze Age Scarabs at el-Ahwat, Israel",Shirly Ben‐Dor Evian; Shay Bar; Harel Shochat; Tzilla Eshel,2026,2026-09-24,Palestine Exploration Quarterly,article,0,https://doi.org/10.1080/00310328.2026.2716946,True,https://openalex.org/W7214200477
biblical interpretation,"Narrating crisis: World War I, American labour and Ammon Hennacy’s conversion to Christianity, 1914–1940",Samuel O’Connor Perks,2026,2026-09-24,Intellectual History Review,article,0,https://doi.org/10.1080/17496977.2026.2719412,True,https://openalex.org/W7214201362
biblical interpretation,Pastoral Care and Counselling in Acts 20:26–28 and Romans 12:13–15: Implications for Church Growth in Osun Anglican Diocese,Peter Oyeleye Oyetunji,2026,2026-09-24,Zenodo (CERN European Organization for Nuclear Research),article,0,https://doi.org/10.5281/zenodo.22943344,True,https://openalex.org/W7214202016
biblical interpretation,Of Ethics and God: To What Extent Is Simone Weil a Christian Thinker?,Kathryn Lawson,2026,2026-09-24,Philosophical Investigations,article,0,https://doi.org/10.1111/phin.70038,True,https://openalex.org/W7214206385
patristics,Relational Ontology and Personhood in Joseph Ratzinger,Abraham Olem Adeck,2026,2026-09-24,New Blackfriars,article,0,https://doi.org/10.1017/nbf.2026.10173,True,https://openalex.org/W7214183353
patristics,"Participation without Absorption: Divine Indwelling, Theosis, and the Ontological Grammar of Salvation in Witness Lee",Daniel J. Grace,2026,2026-09-24,Zenodo (CERN European Organization for Nuclear Research),preprint,0,https://doi.org/10.5281/zenodo.22936352,True,https://openalex.org/W7214149820
patristics,BTSP: Supporting data and code for phenotype-driven bacterial Pan-GWAS,Bogovid Živković,2026,2026-09-24,Zenodo (CERN European Organization for Nuclear Research),software,0,https://doi.org/10.5281/zenodo.22168495,True,https://openalex.org/W7204724878
biblical interpretation,Mapping Old Konkani Literature: A Study of Genres and Linguistic Features,Jason Pinto,2026,2026-09-24,Research Square,preprint,0,https://doi.org/10.21203/rs.3.rs-10844476/v1,True,https://openalex.org/W7214223289
biblical interpretation,"Wrestling with Paul: 2 Peter 3:15-16, Early Textual Manipulation, and Contemporary Hermeneutical Implications",PhD Olagoke Bolaji,2026,2026-09-24,Zenodo (CERN European Organization for Nuclear Research),article,0,https://doi.org/10.5281/zenodo.22943333,True,https://openalex.org/W7214218550
biblical interpretation,A Premature Concept: Liberal Democracy Before 1945,Hugo Bonin,2026,2026-09-24,Palgrave studies in political history.,book-chapter,0,https://doi.org/10.1007/978-3-032-36185-1_2,True,https://openalex.org/W7214215050
biblical interpretation,“A Rendezvous with Destiny”: Franklin D. Roosevelt’s Proverbial Rhetoric for Freedom and Peace,Wolfgang Mieder,2026,2026-09-24,HERMES - Journal of Language and Communication in Business,article,0,https://doi.org/10.7146/hjlcb.vi66.160806,True,https://openalex.org/W7214210843
biblical interpretation,Religiosity and local debt repayment: evidence from Italian mayors,Luca Vitale,2026,2026-09-24,Political Science Research and Methods,article,0,https://doi.org/10.1017/psrm.2026.10126,True,https://openalex.org/W7214210812
biblical interpretation,Sheikh Ghazi Muhammad Hashim and his Tafsir Tabyan al-Quran: Sources and Methodological Features in Quranic Interpretation in Myanmar,Win Hlaing; Hafizuddin bin Abdul Rahman; Reda Owis Hassan Serour,2026,2026-09-24,International Journal of Academic Research in Business and Social Sciences,article,0,https://doi.org/10.6007/ijarbss/v16-i9/29075,True,https://openalex.org/W7214210538
biblical interpretation,The Hypocrisy in the Public Display of the Ten Commandments in Texas in the United States of America: A Theological and Ethical Critique,Robert Gnuse,2026,2026-09-24,International Journal of Culture and History,article,0,https://doi.org/10.5296/ijch.v13i2.24052,True,https://openalex.org/W7214209130
biblical interpretation,KAMAN-KALEHÖYÜK’TEKİ ARKEOLOJİK BULGULAR IŞIĞINDA HİTİT DÖNEMİ TAHIL DEPOLARI VE DEMİR KULLANIMI,Zekiye Nihan Kırçıl,2026,2026-09-24,BELLEK Uluslararası Tarih ve Kültür Araştırmaları Dergisi,article,0,https://doi.org/10.52735/bellek.2025916,True,https://openalex.org/W7214208722
incarnation,"Memahami Pelayanan Kristen Melalui Integrasi Kepribadian, Motivasi, dan Konsep Hati dalam Alkitab",Agustina Natalis; Arianto Tarmansjah; I Gde Iwan A; Robin Rumapea; Sri Ita Ningsih,2026,2026-09-24,Jurnal Multidisiplin Indonesia,article,0,https://doi.org/10.58344/jmi.v5i9.2951,True,https://openalex.org/W7214152073
biblical interpretation,"Four Case Studies in Comparison and Analogy: Political and Religious Culture, Conversion, Genealogy, and Time in Latin Europe and Medieval Japan",Philippe Buc; Martial Staub,2026,2026-09-24,Religions,article,0,https://doi.org/10.3390/rel17101120,True,https://openalex.org/W7214208454
incarnation,Epilogue to Liberal Democracy and Beyond?,Hugo Bonin,2026,2026-09-24,Palgrave studies in political history.,book-chapter,0,https://doi.org/10.1007/978-3-032-36185-1_6,True,https://openalex.org/W7214181625
incarnation,Interpretation of the archetypal images of Don Juan and his female counterparts: from Tirso de Molina’s comedy to W. A. Mozart’s opera “Don Giovanni”,Yaru Zhang,2026,2026-09-24,Manuscript,article,0,https://doi.org/10.30853/mns20260239,True,https://openalex.org/W7214967541
biblical interpretation,The expression of awe: evolutionary origins and cultural elaborations of a basic emotion,Dacher J. Keltner; María Monroy,2026,2026-09-24,Philosophical Transactions of the Royal Society B Biological Sciences,article,0,https://doi.org/10.1098/rstb.2025.0148,True,https://openalex.org/W7214187577
biblical interpretation,"On Theology and the “Overcoming” of Metaphysics: Falque, Betz, Heidegger, and Marion",Matthew C. Kruger,2026,2026-09-24,Modern Theology,article,0,https://doi.org/10.1111/moth.70148,True,https://openalex.org/W7214186814
biblical interpretation,"Seasonal and multi-functional use of industrial space at Iron Age Tel Shiqmona, Israel",Isaac Ogloblin Ramírez; Golan Shalvi; Sonia Pinsky; Madeline Jacobson; Roni Zuckerman‐Cooper; Ayelet Gilboa; David E. Friesem,2026,2026-09-24,PLoS ONE,article,0,https://doi.org/10.1371/journal.pone.0355104,True,https://openalex.org/W7214185212
incarnation,"Artificial Intelligence and the ""Body of Christ"": Applying 1 Corinthians 12 in the Digital Age",Paul Danbaki Jatau,2026,2026-09-24,Zenodo (CERN European Organization for Nuclear Research),article,0,https://doi.org/10.5281/zenodo.22938376,True,https://openalex.org/W7214184249
biblical interpretation,Parenting Children with Differences in Sex Development Across Developmental Stages: A Qualitative Study,Line Mediå; Siri Kjoelaas; Anne Wæhre; Kristin J. B. Feragen; Lena Fauske,2026,2026-09-24,Preprints.org,preprint,0,https://doi.org/10.20944/preprints202609.2125.v1,True,https://openalex.org/W7214178394
patristics,Review: The Very Devout Meditations attributed to Bernard of Clairvaux,Alkuin Volker Schachenmayr,2026,2026-09-24,KiDokS,article,0,,True,https://openalex.org/W7214406239
patristics,Watchfulness ( Nepsis ) and Attentive Presence ( Prosoche ): A Patristic Framework for Clinical and Spiritual Healing,Donald “Rick” Froyd,2026,2026-09-24,The Linacre Quarterly,article,0,https://doi.org/10.1177/00243639261487901,True,https://openalex.org/W7214374087
patristics,The Politics of Pointing: Lessing's Fingerzeig and the Limits of Figural Reading,Matthew Stoltz,2026,2026-09-24,The German Quarterly,article,0,https://doi.org/10.1111/gequ.70053,True,https://openalex.org/W7214290086
incarnation,AI Anchors vs. Human Broadcasters: Audience Trust and Perception of AI-Generated News in Business Journalism,مارينا ابراهيم ميخائيل,2026,2026-09-24,Interpersona An International Journal on Personal Relationships,article,0,https://doi.org/10.54899/ijpr.v20i1.1720,True,https://openalex.org/W7214600856
incarnation,Deep thermalization and Hilbert space ergodicity,Daniel K. Mark; Manuel Endres; Matteo Ippoliti; Wen Wei Ho; Soonwon Choi,2026,2026-09-24,arXiv (Cornell University),preprint,0,https://doi.org/10.48550/arxiv.2609.30248,True,https://openalex.org/W7214319259
incarnation,El indígena como locus theologicus: En diálogo con la propuesta de Jon Sobrino para avanzar en un Rito Amazónico,WASHINGTON DA SILVA PARANHOS; José F. Castillo Tapia,2026,2026-09-24,Fronteiras - Revista de Teologia da Unicap,article,0,https://doi.org/10.25247/2595-3788.2026.v9n1.p260-286,True,https://openalex.org/W7214306617
incarnation,"« j`suis où », « c’est qui le bleu », « c’est qui valdrek » : usages et fonctions de ces petites questions pour se repérer dans l’espace d’un jeu multijoueur",Isabel Colón de Carvajal,2026,2026-09-24,Nouveaux cahiers de Marge,article,0,https://doi.org/10.35562/marge.1361,True,https://openalex.org/W7214239860
incarnation,"Forging the Concept: Political Science and the Cold War Order, 1945–1968",Hugo Bonin,2026,2026-09-24,Palgrave studies in political history.,book-chapter,0,https://doi.org/10.1007/978-3-032-36185-1_3,True,https://openalex.org/W7214231219
incarnation,"Cautious Celebrations: Between Triumph and Turmoils, 1989–2001",Hugo Bonin,2026,2026-09-24,Palgrave studies in political history.,book-chapter,0,https://doi.org/10.1007/978-3-032-36185-1_5,True,https://openalex.org/W7214225244
incarnation,"An Inter-Civilizational Bronze Age System: International Relations, Diplomacy, and Narrative Sociability, 1700–1200 bc",Lene Melheim; İver B. Neumann,2026,2026-09-24,European Journal of Archaeology,article,0,https://doi.org/10.1017/eaa.2026.10036,True,https://openalex.org/W7214204515
incarnation,Authoritarianism's Annihilation Anxieties,Noëlle C. McAfee,2026,2026-09-24,Constellations,article,0,https://doi.org/10.1111/1467-8675.70080,True,https://openalex.org/W7214202937
incarnation,Les confréries œnogastronomiques comme dispositifs situés et incarnés du patrimoine alimentaire,Anne Parizot,2026,2026-09-24,Linguistik Online,article,0,https://doi.org/10.13092/6sfbge44,True,https://openalex.org/W7214198851
biblical interpretation,Biblical Echoes and Theological Interpretation: A Companion to the Unified Computational and Biblical Story Model,Roberts Reynaldo,2026,2026-09-24,Zenodo (CERN European Organization for Nuclear Research),article,0,https://doi.org/10.5281/zenodo.22938502,True,https://openalex.org/W7214187691
Irenaeus,Gemcitabine release kinetics determines the anticancer and immunomodulatory activity of HPMA copolymer nanomedicines,Kateřina Běhalová; Robert Pola; Natálie Adamcová; Martin Ivančík; Milada Šírová; Irfan B. Kilic; Petra Procházková; Petr Kašpárek; Alžbeta Bulková; Pavol Lukáč; Luca Vannucci; Blanka Řı́hová; Tomáš Etrych; Marek Kovář,2026,2026-09-23,Journal of Controlled Release,article,0,https://doi.org/10.1016/j.jconrel.2026.115396,True,https://openalex.org/W7214077096
Irenaeus,Relevance of Christus Victor in Liberation Theology for Combating Ethnic Feud in Africa,Joseph Adekunle Adedokun,2026,2026-09-23,INTERNATIONAL JOURNAL OF RELIGIOUS AND CULTURAL PRACTICE,article,0,https://doi.org/10.56201/ijrcp.vol.11.no6.2026.pg89.96,True,https://openalex.org/W7214083228
eschatology,"The Theological Imagination: Perception and Interpretation in Life, Art, and Faith by JudithWolfe (Cambridge: Cambridge University Press, 2025), xi +208 pp.",Jonathan A. Anderson,2026,2026-09-23,Modern Theology,book-review,0,https://doi.org/10.1111/moth.70150,True,https://openalex.org/W7214109841
eschatology,Annotated Corpus of Ancient Testamentary Literature,Joel Klenk; Charlott Buschatz; Arne Käfer; Timotheus Chang-Whae Kim; Adele-Nike Nehlsen; Anne Maria Rath; Stefanie Steichele,2026,2026-09-23,Zenodo (CERN European Organization for Nuclear Research),dataset,0,https://doi.org/10.5281/zenodo.22914442,True,https://openalex.org/W7214127841
eschatology,Annotated Corpus of Ancient Testamentary Literature,Joel Klenk; Charlott Buschatz; Arne Käfer; Timotheus Chang-Whae Kim; Adele-Nike Nehlsen; Anne Maria Rath; Stefanie Steichele,2026,2026-09-23,Zenodo (CERN European Organization for Nuclear Research),software,0,https://doi.org/10.5281/zenodo.22915084,True,https://openalex.org/W7214127378
eschatology,History of Madness,Michel Foucault; Jean Khalfa,2026,2026-09-23,,book,0,https://doi.org/10.4324/9781042019663,True,https://openalex.org/W7214115265
eschatology,Annotated Corpus of Ancient Testamentary Literature,Joel Klenk; Charlott Buschatz; Arne Käfer; Timotheus Chang-Whae Kim; Adele-Nike Nehlsen; Anne Maria Rath; Stefanie Steichele,2026,2026-09-23,Zenodo (CERN European Organization for Nuclear Research),software,0,https://doi.org/10.5281/zenodo.22914441,True,https://openalex.org/W7214113704
eschatology,Dante’s Nuclear Underworld: The Semiotics of Danger in Hell,Frey Kalus,2026,2026-09-23,Italian Studies,article,0,https://doi.org/10.1080/00751634.2026.2717881,True,https://openalex.org/W7214095490
eschatology,"Scouting for God: Metaphysics and Masculinity in the Muslim Brotherhood’s Jawwala Program, 1933–1948",Arthur Shiwa Zárate,2026,2026-09-23,International Journal Middle East Studies,article,0,https://doi.org/10.1017/s0020743826101767,True,https://openalex.org/W7214090540
eschatology,What did critical thinking ever do for us? Teaching critical thinking in the age of AI,Nin Kirkham,2026,2026-09-23,Educational Philosophy and Theory,article,0,https://doi.org/10.1080/00131857.2026.2733624,True,https://openalex.org/W7214080095
incarnation,Alternative Archival Ecologies of Memory: Mnemonic Significance of Body and Media,Mindaugas Briedis; Mariano Navarro,2026,2026-09-23,Filosofija Sociologija,article,0,https://doi.org/10.6001/fil-soc.2026.37.3.5,True,https://openalex.org/W7214106121
eschatology,"The Thirteenth Century: The Summa Halensis , William of Auvergne, and Albertus Magnus",Liam McDonnell,2026,2026-09-23,,book-chapter,0,https://doi.org/10.1093/9780197916087.003.0005,False,https://openalex.org/W7214004182
eschatology,"Wounded Hope: Narrative Identity, Vulnerability, and Forgiveness in Religious Education",Edward B. Wright,2026,2026-09-23,Preprints.org,preprint,0,https://doi.org/10.20944/preprints202609.2045.v1,True,https://openalex.org/W7214197383
incarnation,"First, do no harm? Agency, autonomy and wound/body ownership in grassroots self-injury support in the UK",Bella Barrett,2026,2026-09-23,Anthropology and Medicine,article,0,https://doi.org/10.1080/13648470.2026.2716582,True,https://openalex.org/W7214109945
recapitulation,Longitudinal transcriptomic analysis reveals adaptive transcript usage remodeling associated with PARP inhibitor resistance,jiye Yoo; Yoo‐Na Kim; Yewon Jung; Eunhae Cho; Jung Kyoon Choi; Hyeon Gu Kang; Jung‐Yun Lee,2026,2026-09-23,bioRxiv (Cold Spring Harbor Laboratory),preprint,0,https://doi.org/10.64898/2026.09.22.753421,True,https://openalex.org/W7214100212
recapitulation,Rancang Bangun Sistem Informasi Buku Tamu Digital Berbasis Web Untuk Meningkatkan Pelayanan Publik Di Kelurahan Paupire,Adelgunde Ratna Sari; Ferdinandus Lidang Witi; Rosalin Togo,2026,2026-09-23,Jurnal Teknologi Dan Sistem Informasi Bisnis,article,0,https://doi.org/10.47233/jteksis.v8i4.283,True,https://openalex.org/W7214070432
recapitulation,"Analysis of Construction Management of Retaining Wall Structures in The CWC-1BKC Babakan and Cisanggarung River Works Project: A Case Study of The CS-5 Kalibuntu Segment, Cirebon Regency",Lintang Septiani; Heri Mulyono; Ohan Farhan,2026,2026-09-23,Jurnal Teknik Indonesia,article,0,https://doi.org/10.58860/jti.v5i3.934,True,https://openalex.org/W7214613210
imago Dei,"FROM SACRED TEXT TO STATUTE: HUMAN RESOURCE MANAGEMENT PRINCIPLES ACROSS RELIGIOUS TRADITIONS, CULTURAL NORMS, AND THE CODE OF HAMMURABI",Sadik M. Amr,2026,2026-09-23,World Journal of Advanced Research and Reviews,article,0,https://doi.org/10.30574/wjarr.2026.31.3.2459,True,https://openalex.org/W7214112920
imago Dei,"An Ethical Enquiry into Youth Development from the Biblical Perspective in the Context of Nigerian Society, 2000–2023: A Case Study of Abia State",Ucheakolam Elizabeth Umejiaku,2026,2026-09-23,INTERNATIONAL JOURNAL OF RELIGIOUS AND CULTURAL PRACTICE,article,0,https://doi.org/10.56201/ijrcp.vol.11.no6.2026.pg105.117,True,https://openalex.org/W7214079801
patristics,Comparing subsampling strategies for efficient pairwise analysis of large pathogen genomic and spatial datasets: An application to Mycobacterium tuberculosis transmission,Yu Lan; Chieh-Yin Wu; Hsien-Ho Lin; Ted Cohen; Joshua Warren,2026,2026-09-23,PLoS Computational Biology,article,0,https://doi.org/10.1371/journal.pcbi.1014353,True,https://openalex.org/W7214065431
patristics,"O evangelho segundo Bart: um artigo de resenha de “Misquoting Jesus”, de Bart Ehrman",Daniel Baird Wallace,2026,2026-09-23,PRÁXIS TEOLÓGICA,article,0,https://doi.org/10.25194/2317-0573.2026v22n1.e2440,True,https://openalex.org/W7214073451
patristics,The heart in Byzantine philosophy and culture: the Hesychasm of Gregory Palamas,Georgiy Evgenievich Borovskikh,2026,2026-09-23,Manuscript,article,0,https://doi.org/10.30853/mns20260235,True,https://openalex.org/W7214086927
patristics,T.F. Torrance’s non-dualist theological method and atonement theology,Daniel Webster,2026,2026-09-23,Stellenbosch Theological Journal,article,0,https://doi.org/10.17570/stj.2026.v12n1.a14,True,https://openalex.org/W7214092455
patristics,"Human Agency, Divine Mercy, and the End: Jerome of Stridon and the Developments of Late Antique Eschatology",Katarina Pålsson,2026,2026-09-23,Church History,article,0,https://doi.org/10.1017/s0009640726103692,True,https://openalex.org/W7214096500
patristics,Reformed hermeneutics as a hermeneutic of appreciation,Guillaume Smit,2026,2026-09-23,Stellenbosch Theological Journal,article,0,https://doi.org/10.17570/stj.2026.v12n1.a12,True,https://openalex.org/W7214102595
patristics,The African dimension of Nicaea: A historical and theological exploration,Peter Masvotore,2026,2026-09-23,E-Journal of Religious and Theological Studies,article,0,https://doi.org/10.38159/erats.20261275,True,https://openalex.org/W7214312866
recapitulation,Definability and undecidability via the torsion subgroup of units,Caleb Springer,2026,2026-09-23,arXiv (Cornell University),preprint,0,https://doi.org/10.48550/arxiv.2609.27210,True,https://openalex.org/W7214149449
recapitulation,"Programmable immune biointerfaces for cell-state control through mechanotransduction, stimuli-responsive design, and AI-guided modeling in regeneration and cancer",Moawiah M. Naffaa,2026,2026-09-23,Frontiers in Biomaterials Science,article,0,https://doi.org/10.3389/fbiom.2026.1971156,True,https://openalex.org/W7214075456
recapitulation,Public-Deliberative Participation Model: Socio-Cultural Mechanisms Shaping Political Participation in the 2024 Gorontalo City Mayoral Election,Ramli Ondang Djau; Arifin Tahir; Muhammad Amir Arham; Ismet Sulila,2026,2026-09-23,International Journal Papier Public Review,article,0,https://doi.org/10.47667/ijppr.v7i2.489,True,https://openalex.org/W7214126662
recapitulation,"Pasteurized Akkermansia muciniphila as a candidate multi-effector pharmacological system in the gut-liver axis: evidence, unresolved causality, and translational priorities",Yifan Liu; Zihao Xu; Dong-Seon Kim; Hai Xu; Huikun Wu,2026,2026-09-23,Frontiers in Pharmacology,article,0,https://doi.org/10.3389/fphar.2026.1956062,True,https://openalex.org/W7214117667
recapitulation,Emerging Evidence on Molecular Dysregulation Driving Cardiomyopathies and Heart Failure,Alberto Guarnaccia; Davide Miglietta; Maria Perotto; Matteo Dal Ferro; Serena Zacchigna; Marco Merlo; Gianfranco Sinagra,2026,2026-09-23,,book-chapter,0,https://doi.org/10.1007/978-3-032-34334-5_14,True,https://openalex.org/W7214111176
recapitulation,Financial Distress Analysis of Raw Material Companies at Risk of Delisting on the Indonesia Stock Exchange,Lilis Mardiana; Divianto; Agung Anggoro Seto,2026,2026-09-23,Escalate Economics and Business Journal,article,0,https://doi.org/10.61536/escalate.v4i02.638,True,https://openalex.org/W7214110179
recapitulation,Microgels as next-generation matrices for organoid culture: material design and fabrication strategies,Yifan Jian; Shaoyang Kang; Sheng Ding; Shuwei Wang; Long Yang; Zujian Feng; Weiwei Wang,2026,2026-09-23,Model Organisms Research,article,0,https://doi.org/10.1016/j.mores.2026.100034,True,https://openalex.org/W7214107795
pneumatology,Empowered to Empower: Pneumatologi dan Kepemimpinan Inklusif,Tri Waluyo,2026,2026-09-23,Jurnal Multidisiplin West Science,article,0,https://doi.org/10.58812/jmws.v5i09.3886,True,https://openalex.org/W7214069692
recapitulation,Mitochondrial unfoldase ClpX regulates oocyte competence during ovarian aging,Renwu Hua; Zhuo Hai; Tingting Zheng; Jingkai Gu; Huijia Du; Chenxi Guo; Jiaping Su; Xiaomei Zhou; Jingdi Yang; Yiqiu Wei; Tailang Yin; Jian V. Zhang; Kui Liu; William S.B. Yeung; Elnur Babayev; Tianren Wang,2026,2026-09-23,Cell Death Discovery,article,0,https://doi.org/10.1038/s41420-026-03335-0,True,https://openalex.org/W7214088740
recapitulation,Analysis of Route Planning for the Pluit–Airport Toll Road from the Perspective of Technical Evaluation and Investment Feasibility,Dzaky Rizaldi; Hermanto Dwiatmoko; Muhammad Isradi,2026,2026-09-23,Eduvest - Journal Of Universal Studies,article,0,https://doi.org/10.59188/eduvest.v6i9.53481,True,https://openalex.org/W7214088606
recapitulation,Attachment Styles and Children in Foster Care: A Study Involving Art Therapy Evaluation,Abigail Johnson,2026,2026-09-23,ODU Digital Commons (Old Dominion University),article,0,https://doi.org/10.25777/2bzk-8g20,True,https://openalex.org/W7214084133
pneumatology,The Virtual Vineyard: A Biblical and Theological Framework for Ministerial Formation in a Borderless Church,A. Areo Omolara,2026,2026-09-23,INTERNATIONAL JOURNAL OF RELIGIOUS AND CULTURAL PRACTICE,article,0,https://doi.org/10.56201/ijrcp.vol.11.no6.2026.pg70.79,True,https://openalex.org/W7214112670
eschatology,"Death, Consciousness, and Ontological Restoration: A QMH Interpretation of Rabbi Elazar's Eschatological Vision Through Torah Epistemology Swallowing Death Forever: A Torah-Epistemological and QMH Analysis of Eschatological Consciousness in Rabbi Elazar's Teaching",Stephen I. Ternyik; Al Fermelia,2026,2026-09-23,,article,0,https://doi.org/10.13140/rg.2.2.20092.09608,True,https://openalex.org/W7214068150
incarnation,The quantum spin Brauer category,Peter J. McNamara; Alistair Savage,2026,2026-09-23,Annals of representation theory,article,0,https://doi.org/10.5802/art.41,True,https://openalex.org/W4415066440
incarnation,"Caste, Culture and Colonialism",Prakash Shah,2026,2026-09-23,,book,0,https://doi.org/10.4324/9781003771951,True,https://openalex.org/W7214079708
theological anthropology,Families of Origin and Chosen Kinship in the Lives of Transgender Women: A Critical Narrative Review,Pettra Roque Araújo da Silva; Iara do Nascimento Teixeira; Monique Teixeira Santos; Sandra Elisa de Assis Freire,2026,2026-09-23,Sexuality Research and Social Policy,review,0,https://doi.org/10.1007/s13178-026-01419-1,True,https://openalex.org/W7214074325
theological anthropology,St Thomas’ tactile visionary experiences from a neurophenomenological perspective,Thomas KL Vaidyan,2026,2026-09-23,Stellenbosch Theological Journal,article,0,https://doi.org/10.17570/stj.2026.vn1.a10,True,https://openalex.org/W7214073069
incarnation,The new personal world: digital media communication and formations of self and persona,P. David Marshall; Celia Lam,2026,2026-09-23,Popular Communication,article,0,https://doi.org/10.1080/15405702.2026.2734895,True,https://openalex.org/W7214070242
incarnation,Stultifera Navis,Michel Foucault,2026,2026-09-23,,book-chapter,0,https://doi.org/10.4324/9781042019663-2,False,https://openalex.org/W7214076361
incarnation,Pastoral Care Perspectives on Female Genital Mutilation: A Feminist Approach,Oyebola Adewumi Adejumo,2026,2026-09-23,INTERNATIONAL JOURNAL OF RELIGIOUS AND CULTURAL PRACTICE,article,0,https://doi.org/10.56201/ijrcp.vol.11.no6.2026.pg80.88,True,https://openalex.org/W7214078360
incarnation,Preexistence without Incarnation: Rethinking John's Christology in Jewish Monotheistic Context,Frederick Leonard; Lyu Xinchen,2026,2026-09-23,,article,0,https://doi.org/10.13140/rg.2.2.26488.40969,True,https://openalex.org/W7214078551
incarnation,Introduction,Michel Foucault,2026,2026-09-23,,book-chapter,0,https://doi.org/10.4324/9781042019663-14,False,https://openalex.org/W7214096663
incarnation,Law and the limits of jurisprudence,Adrian Kreutz,2026,2026-09-23,Jurisprudence,article,0,https://doi.org/10.1080/20403313.2026.2732492,True,https://openalex.org/W7214097152
incarnation,A Cultural Linguistic Study of Personal Names Among the Igala People of Northern Nigeria,Joseph Ajogwu Onoja,2026,2026-09-23,INTERNATIONAL JOURNAL OF ENGLISH LANGUAGE AND COMMUNICATION STUDIES,article,0,https://doi.org/10.56201/ijelcs.vol.11.no6.2026.pg1.29,True,https://openalex.org/W7214098897
incarnation,"Inventing an interstice: les Français d’Asie, the canonisation and the location of Franco-Asian culture",Vladimir Kapor,2026,2026-09-23,Modern & Contemporary France,article,0,https://doi.org/10.1080/09639489.2026.2710068,True,https://openalex.org/W7214101728
patristics,The Salvation of the Involuntarily Ignorant in Medieval Theology,Liam McDonnell,2026,2026-09-22,,book,0,https://doi.org/10.1093/9780197916087.001.0001,False,https://openalex.org/W7214049871
patristics,From Genes to Brains: Molecular Evolution and Mammalian Brain Cellular Diversity,Alexander Solovyov; Maksim A Kazanskii; Alibek Suraganov; Artem S. Kasianov,2026,2026-09-22,bioRxiv (Cold Spring Harbor Laboratory),preprint,0,https://doi.org/10.64898/2026.09.16.752041,True,https://openalex.org/W7214038826
recapitulation,Advanced bioprinting biomaterials for personalized cancer therapy and drug screening: From functional bioinks to precision oncology platforms,思琪 李; 任钧 顾; 冯锡奕; Li Pengfei; Hua Bai,2026,2026-09-22,International Journal of Bioprinting,article,0,https://doi.org/10.36922/ijb026340365,True,https://openalex.org/W7214651790
recapitulation,Beyond morphology: A review of heterogeneous mechanisms and precision risk management in left ventricular non-compaction/left ventricular hypertrabeculation,Changying Zhao; Ran Ran; Shiquan Sun; Tao Shi; Yang Yan; 李国良,2026,2026-09-22,Brain & Heart,article,0,https://doi.org/10.36922/bh026230028,True,https://openalex.org/W7214622458
imago Dei,Digital Necromancy and Moral Boundaries: Nigerian Christian Interpretations of AI-Generated Ancestors,Theodore U. Dickson; Aloysius Akalawu NTIWUNKA; Promisen Ejii Nwaka; Stanley Osemudiamen OJIEABU; Innocentia Nkeiruka Charles,2026,2026-09-22,Journal of Religion in Africa,article,0,https://doi.org/10.1163/15700666-bja10159,False,https://openalex.org/W7214170899
recapitulation,Kant’s Argument that Mathematics is the Science of Magnitude: Comments on Daniel Sutherland’s Kant’s Mathematical World,Jeremy Heis,2026,2026-09-22,Canadian Journal of Philosophy,article,0,https://doi.org/10.1017/can.2026.10096,True,https://openalex.org/W7213970059
recapitulation,Rethinking restorability-biomimetic rehabilitation of a severely structurally compromised mandibular molar: A microscope-assisted case report,Rishu Mittal,2026,2026-09-22,International Journal of Oral Health Dentistry,article,0,https://doi.org/10.18231/j.ijohd.68949.1790066728,True,https://openalex.org/W7213968881
imago Dei,The Creation Mandate and the Decalogue as Pillars of a Triperspectival Christian Ethic of Earth Stewardship,Gregory J. Rummo,2026,2026-09-22,International Journal of Education Culture and Society,article,0,https://doi.org/10.11648/j.ijecs.20261105.16,True,https://openalex.org/W7214112740
patristics,Introductory Rites in the Missale Romanum of Pius V (1962) and Paul VI (2008): A Comparative and Historical-Liturgical Study,Christianus Watu,2026,2026-09-22,MELINTAS,article,0,https://doi.org/10.26593/mel.v41i3.217-234,True,https://openalex.org/W7214615131
patristics,FROM ALBERTUS MAGNUS TO THOMAS AQUINAS: THE DISCURSIVE FOUNDATIONS OF THE RISK ON MERCHANTS AND TRADE,Pierre Januard,2026,2026-09-22,Journal of the History of Economic Thought,article,0,https://doi.org/10.1017/s1053837226101278,True,https://openalex.org/W7213967494
patristics,Interest Prohibitions and Contract Design in Medieval Christianity and Islam,İbrahim Halil Sugözü; Sayed Abdullah OMER,2026,2026-09-22,International Journal of Islamic Finance and Sustainable Development,article,0,https://doi.org/10.55188/ijifsd.v18i3.1406,True,https://openalex.org/W7213880368
recapitulation,Curating (entangled) childhood(s): Narrating the past/extracting the future,Kevin Ryan,2026,2026-09-22,Cultural Dynamics,article,0,https://doi.org/10.1177/09213740261493664,True,https://openalex.org/W7214054773
imago Dei,"Human Dignity Value Education as an Effort to Prevent Human Trafficking in the Parish of Hati Tersuci Maria Oe-Ekam, South Central Timor",Gerardus B. Duka; Petrus Tamelab,2026,2026-09-22,International Journal of Post Axial Futuristic Teaching and Learning,article,0,https://doi.org/10.59944/postaxial.v4i3.1860,True,https://openalex.org/W7213971680
imago Dei,Christian Democracy under Autocracy: How Catholics Reinvented Anti-totalitarianism and Human Rights in Late Cold War Czechoslovakia,Krystof Dolezal,2026,2026-09-22,Modern Intellectual History,article,0,https://doi.org/10.1017/s1479244326100730,True,https://openalex.org/W7213972756
recapitulation,Molecular therapy matching score correlates with clinical outcomes: a system for navigating cancer complexity,Ally Perlina; Subha Krishnan; Kevin T. Bush; Eden Romm; Jason Keith Sicklick; Shumei Kato; Razelle Kurzrock,2026,2026-09-22,npj Genomic Medicine,article,0,https://doi.org/10.1038/s41525-026-00615-7,True,https://openalex.org/W7214055589
patristics,"Jesus, Mary Magdalene, and the Hidden-Bloodline Myth: A Biblical and Historical Examination of the Rewritten Gospel",Sixbert SANGWA,2026,2026-09-22,Open Journal of Science Philosophy & Theology (ISSN 3105-3041),article,0,https://doi.org/10.65655/ocp.ojspt.163,True,https://openalex.org/W7213977764
recapitulation,Zebrafish in the era of single‐cell and spatial transcriptomics: a new paradigm for central nervous system drug discovery from natural products,Yingyi Huang; Xiang Liu; Guangyi Fan; Guiyi Gong; Simon Ming‐Yuen Lee,2026,2026-09-22,British Journal of Pharmacology,article,0,https://doi.org/10.1111/bph.70662,True,https://openalex.org/W7214044160
eschatology,"Quine and language as a social art: projection, harmony, and the illusion of shared linguistic standards",Daniel Arvage Nagase,2026,2026-09-22,Synthese,article,0,https://doi.org/10.1007/s11229-026-05802-8,True,https://openalex.org/W7213982393
eschatology,The End Is Not Destruction: A Cross-Disciplinary Hypothesis on Transformation Toward the Ultimate Singularity,Ridwan Gimnastiar Nur,2026,2026-09-22,Zenodo (CERN European Organization for Nuclear Research),preprint,0,https://doi.org/10.5281/zenodo.22886012,True,https://openalex.org/W7214006821
recapitulation,Beyond Autophagic Dysregulation: VMA21 Deficiency Reveals Altered Vesicle Trafficking and Broadens the Pathogenic Framework of X-Linked Myopathy with Excessive Autophagy,Christian Suarez,2026,2026-09-22,Open Scholarship Institutional Repository (Washington University in St. Louis),article,0,https://doi.org/10.7936/44qe-wk62,True,https://openalex.org/W7214028710
recapitulation,Utilization of Interactive Flat Panel (IFP) Based on Interactive Multimedia to Improve Learning Motivation and Learning Outcomes in Islamic Religious Education at SDN Sumbersari 2 Malang,Mujtahid; Ali Hasan Assidiqi,2026,2026-09-22,Journal of Multidisciplinary Science MIKAILALSYS,article,0,https://doi.org/10.58578/mikailalsys.v4i3.12158,True,https://openalex.org/W7213983426
recapitulation,Analisis Dampak Perbedaan Nilai Kontrak Dan Faktur Pajak Terhadap Pengakuan Pendapatan Pada PT Kimia Farma Trading And Distribution Manado,Nadia Esther Keresung; Ivonne H. Putong; Priscilla Christina Sumendap,2026,2026-09-22,Jurnal Nuansa Publikasi Ilmu Manajemen dan Ekonomi Syariah,article,0,https://doi.org/10.61132/nuansa.v4i3.2842,True,https://openalex.org/W7213985134
recapitulation,Guidelines for Group Art Therapy Videos: Connecting Group Process with Production,Sarah D. E. Newton,2026,2026-09-22,ODU Digital Commons (Old Dominion University),article,0,https://doi.org/10.25777/s4x2-eq05,True,https://openalex.org/W7213993654
recapitulation,Multi-omics limitations in patient-derived cancer organoids: molecular origins and strategies for mitigation,Jiyun Lim; Yejun Kim; Jin‐Ku Lee,2026,2026-09-22,Organoid,article,0,https://doi.org/10.51335/organoid.2026.6.e11,True,https://openalex.org/W7214000740
eschatology,"FROM EXTISPICY TO THE BIG DATA PROPHET: PREDICTION, APPLICATION AND THE STRUCTURE OF DECIDING",Pablo Dietrich; Maurília Gabriela da Silva Dietrich,2026,2026-09-22,Seven Editora eBooks,book-chapter,0,https://doi.org/10.56238/sevened2026.035-012,True,https://openalex.org/W7214013605
eschatology,The End Is Not Destruction: A Cross-Disciplinary Hypothesis on Transformation Toward the Ultimate Singularity,Ridwan Gimnastiar Nur,2026,2026-09-22,Zenodo (CERN European Organization for Nuclear Research),preprint,0,https://doi.org/10.5281/zenodo.22886013,True,https://openalex.org/W7214045242
eschatology,Stepping into the Margins: How Readers Want AI to Generate Footnotes,Piper Vasicek; Courtni Byun; Kevin D. Seppi,2026,2026-09-22,arXiv (Cornell University),preprint,0,https://doi.org/10.48550/arxiv.2609.26673,True,https://openalex.org/W7214066080
recapitulation,Presidentialization party in Indonesia: The impact of executive and legislative relations in local cases,Aditya Perdana; M I K Imam; Teuku Harza Mauludi,2026,2026-09-22,Asian Journal of Comparative Politics,article,0,https://doi.org/10.1177/20578911261480240,True,https://openalex.org/W7213981699
recapitulation,Goldilocks and the Three Plumes: A Magnetohydrodynamic Model for Planet Formation,Douglas Buttram,2026,2026-09-22,,preprint,0,https://doi.org/10.22541/essoar.15004529/v2,True,https://openalex.org/W7214013350
recapitulation,Engineering biomimetic coronary artery equivalents for Kawasaki disease modeling and drug screening,Xuting Zhang; Changmin Shao; Yanke Wang; Andong Liu; Xing Rong; Chang Jia; Weiting Yu; Hao Zhang; Rongzhou Wu; Jingyi Zhang; Lexiang Zhang; Fangfu Ye; Maoping Chu,2026,2026-09-22,Materials Today Bio,article,0,https://doi.org/10.1016/j.mtbio.2026.103701,True,https://openalex.org/W7214015934
recapitulation,Simulation Model of a Waste Loop Based on The Closed Loop Logistics Method for Food Waste Management in The Free Nutritious Meal (MBG) Program in Bandung City,Abelio Try Kanda GM; Irfaan Ardhi Nurfadhiilah; Yasmina Frahnaz Nasywa; Muhamad Rafi Arban; Noneng Nurjanah,2026,2026-09-22,Journal Research of Social Science Economics and Management,article,0,https://doi.org/10.59141/jrssem.v6i2.1737,True,https://openalex.org/W7214019065
recapitulation,"Customer Loyalty Migration Analysis Using the Recency, Frequency, Monetary (RFM) Method and Ethnography Approach to Develop Business-to-Business (B2B) Marketing Strategy at PT Aru Raharja",Yuniarso Dwiatmojo; Jerry Heikal,2026,2026-09-22,Journal Research of Social Science Economics and Management,article,0,https://doi.org/10.59141/jrssem.v6i2.1708,True,https://openalex.org/W7214026117
eschatology,"From sedentary pews to kinetic stewardship: Reimagining physical activity as Christian discipleship in North Sulawesi, Indonesia",Beatrix Podung; Fredrik Alfrets Makadada; Alva Supit; Defit Pesik; Ellen Lomboan,2026,2026-09-21,Christian Journal for Global Health,article,0,https://doi.org/10.15566/kg3fy111,True,https://openalex.org/W7213953247
eschatology,How critique reinforces neoliberalism: Justification work in Yunus’s social business discourse,Vivien Blanchet; Claudine Grisard,2026,2026-09-21,Organization,article,0,https://doi.org/10.1177/13505084261483536,True,https://openalex.org/W7213941341
eschatology,"Fabric Critique of Rationalism's Probabilistic Ontology, Esoteric Structure, and Misplaced Eschatology",David Zelenka,2026,2026-09-21,Zenodo (CERN European Organization for Nuclear Research),preprint,0,https://doi.org/10.5281/zenodo.22867049,True,https://openalex.org/W7213917199
eschatology,"Fabric Critique of Rationalism's Probabilistic Ontology, Esoteric Structure, and Misplaced Eschatology",David Zelenka,2026,2026-09-21,Zenodo (CERN European Organization for Nuclear Research),preprint,0,https://doi.org/10.5281/zenodo.22867050,True,https://openalex.org/W7213897573
eschatology,Eschatologia Iranica IV: Automated Judgment in Zoroastrian Eschatology; The Way Činwad Bridge Works,Yusef Saadat,2026,2026-09-21,Iranian Studies,article,0,https://doi.org/10.1017/irn.2026.10171,True,https://openalex.org/W7213875730
eschatology,El naciente cristianismo y la ambiguedad ante el Imperio romano: entre la resistencia y la asimilación,Carlos J. Gil Arbiol,2026,2026-09-21,Estudios Eclesiásticos Revista de investigación e información teológica y canónica,article,0,https://doi.org/10.14422//ee.v101.i398.y2026.003,True,https://openalex.org/W7213983493
imago Dei,Infancia vulnerada: una aproximación a la sodomía y a los abusos sexuales a menores en la justicia inquisitorial aragonesa del siglo XVIII,Francisco José Alfaro Pérez; Juan María González de la Rosa,2026,2026-09-21,Clío & Crímen: Revista del Centro de Historia del Crimen de Durango,article,0,https://doi.org/10.1387/clio-crimen.28873,True,https://openalex.org/W7213967763
imago Dei,Contra a majestade: heresia e traição no discurso jurídico medieval de Portugal e Castela,Levi Veiga Meireles,2026,2026-09-21,Clío & Crímen: Revista del Centro de Historia del Crimen de Durango,article,0,https://doi.org/10.1387/clio-crimen.28877,True,https://openalex.org/W7213966019
imago Dei,Hermenéutica feminista analógica. Un análisis de la creación de la mujer en la cuestión 92 de la Summa Teologiae,Diego Agudelo Grajales; Maricel Mena-López,2026,2026-09-21,Estudios Eclesiásticos Revista de investigación e información teológica y canónica,article,0,https://doi.org/10.14422/ee.v101.i398.y2026.005,True,https://openalex.org/W7213965807
imago Dei,Navigating the New World of Neuroscience: From Biological Plasticity to Theological Reflection,Mathew Santhosh Thomas,2026,2026-09-21,Christian Journal for Global Health,article,0,https://doi.org/10.15566/ax8sz220,True,https://openalex.org/W7213906100
imago Dei,Beyond Compliance: A Faith-Informed Gender-Responsive Healthcare Framework for Christian Global Health,Mae Frances Sanico; Claudine Igot; Leony Ychon,2026,2026-09-21,Christian Journal for Global Health,article,0,https://doi.org/10.15566/t3y2ad12,True,https://openalex.org/W7213902068
eschatology,"Thinking Faithfully Together: Catholic Religious Education, Ethics, and the Philosophy for Children Pedagogy",Edward B. Wright,2026,2026-09-21,Religions,article,0,https://doi.org/10.3390/rel17091108,True,https://openalex.org/W7213940720
patristics,A machine learning framework for interpreting phylogenetic tree patterns in interkingdom horizontal gene transfer,Kevin Aguirre-Carvajal; Cristian Robert Munteanu; Vinicio Armijos‐Jaramillo,2026,2026-09-21,Frontiers in Bioinformatics,article,0,https://doi.org/10.3389/fbinf.2026.1891949,True,https://openalex.org/W7213893345
patristics,MetaFlux: a unified short-read multi-marker amplicon and shotgun taxonomic profiling workflow,Livio Antonielli,2026,2026-09-21,Zenodo (CERN European Organization for Nuclear Research),software,0,https://doi.org/10.5281/zenodo.22876451,True,https://openalex.org/W7213902610
patristics,The Piety of Philology,Felix Schlichter,2026,2026-09-21,,book-chapter,0,https://doi.org/10.4324/9781003701347-3,True,https://openalex.org/W7213956727
recapitulation,Exploring the Applicability of Visual Thinking Strategy to Group Art Therapy with Adolescents,Jessica Rae Hirsh Angle,2026,2026-09-21,ODU Digital Commons (Old Dominion University),article,0,https://doi.org/10.25777/q1wc-mw13,True,https://openalex.org/W7213681975
recapitulation,Branding Agency for Building a Consistent Digital Image of Healthcare Facilities in the Digital Era,Aninthiasari Aninthiasari; Desak Made Febri Purnama Sari,2026,2026-09-21,Journal of Business Social and Technology,article,0,https://doi.org/10.59261/bustechno.v7i4.800,True,https://openalex.org/W7213751255
recapitulation,Rolling Through Learning: A Phenomenological Study of Grade 10 Learners’ Experiences with Snake and Ladder in Social Studies,Michael Bordeos,2026,2026-09-21,Journal of Innovative Research,article,0,https://doi.org/10.54536/jir.v4i3.7580,True,https://openalex.org/W7213867966
recapitulation,Harnessing microfluidics for microbiology: from bacteria-host interactions to emerging cancer therapies,Léa Pinon; Auriane Debache; Alexandre Thuaud; Luca Tiraboschi; Gerlanda Vella; Jessica Riou Ramon; Céline Cordier; Clara Helal; Pascal Hersen; Maria Rescigno; Maria Carla Parrini; Stéphanie Descroix,2026,2026-09-21,Communications Biology,article,0,https://doi.org/10.1038/s42003-026-10675-1,True,https://openalex.org/W7213903965
recapitulation,3D microenvironments for gonadal cell development in domestic cats and dogs,Martina Colombo; Valeria Vurchio; Gaia Cecilia Luvoni,2026,2026-09-21,Theriogenology,article,0,https://doi.org/10.1016/j.theriogenology.2026.118200,True,https://openalex.org/W7213931317
recapitulation,Increasing Role of Judiciary in Determining Political Election Matters in Nigeria: Pathos to Democracy?,Oguchialu U. Opara; Uzochukwu Real,2026,2026-09-21,,article,0,https://doi.org/10.68050/jams.2026.345,True,https://openalex.org/W7214224666
patristics,The World as Vulva: Genital Metaphors in the Writing and Images of Female Mystics,Jennifer Konrad,2026,2026-09-21,Knygotyra,article,0,https://doi.org/10.15388/knygotyra.2026.86.10,True,https://openalex.org/W7213953002
patristics,MetaFlux: a unified short-read multi-marker amplicon and shotgun taxonomic profiling workflow,Livio Antonielli,2026,2026-09-21,Zenodo (CERN European Organization for Nuclear Research),software,0,https://doi.org/10.5281/zenodo.22876452,True,https://openalex.org/W7213919663
patristics,"Engaging the Church Fathers in Nineteenth-Century Catholicism: The Patristic Legacy of the Scuola Romana by Joseph CarolaSJ, Emmaus Academic, Steubenville, OH, 2023, pp. xiii + 518, hbk £48",Robin Ward,2026,2026-09-21,New Blackfriars,book-review,0,https://doi.org/10.1017/nbf.2026.10166,False,https://openalex.org/W7213913883
patristics,An Offering of Fullness: A Surgeon's Reflection on Calling and Surrender,Michael Adly Mikhail,2026,2026-09-21,Christian Journal for Global Health,article,0,https://doi.org/10.15566/r2h33f14,True,https://openalex.org/W7213907919
patristics,Continuity and Change in the Apparatus around 1850,Scott Mandelbrote,2026,2026-09-21,,book-chapter,0,https://doi.org/10.4324/9781003701347-8,True,https://openalex.org/W7213905508
imago Dei,Deleuze,,2026,2026-09-21,,book,0,https://doi.org/10.3390/books978-3-7258-8902-0,True,https://openalex.org/W7213862722
patristics,From Kyiv's Hills to the Antichrist The Retrospective Construction of Seven-Hill Symbolism and Its Political-Religious Afterlife,Miljan Milješković,2026,2026-09-20,Zenodo (CERN European Organization for Nuclear Research),article,0,https://doi.org/10.5281/zenodo.22858013,True,https://openalex.org/W7213747674
eschatology,Ecopoetics and Decolonial Resistance: the Politics of Land and Language in Selected Poems by Natalie Diaz and Adonis,Ali Sameer,2026,2026-09-20,Nanar Journal for Humanities and Social Sciences,article,0,https://doi.org/10.64002/33x7g510,True,https://openalex.org/W7214495995
eschatology,"Harapan akan Keselamatan Kekal: Tinjauan Teologis atas Surga, Neraka dan Api Penyucian dalam Iman Katolik serta Implikasinya bagi Pendidikan Iman Umat",Ribka Eklesia Harianja,2026,2026-09-20,Journal New Light.,article,0,https://doi.org/10.62200/newlight.v4i2.289,True,https://openalex.org/W7214592326
eschatology,Development and validation of the religious schema questionnaire for culturally distorted beliefs (ReSQue-CD),Taregh Shaban; Ian M Grey; Craig Steel; Jo Bower; Brettjet L. Cody,2026,2026-09-20,Mental Health Religion & Culture,article,0,https://doi.org/10.1080/13674676.2026.2712537,True,https://openalex.org/W7202039353
eschatology,"The Evolutionary, Cognitive, and Socio-Historical Architecture of Religion: A Critical Analysis of Ontological Transmission and Doctrinal Consolidation in Early Islam",Elios Sollas,2026,2026-09-20,Zenodo (CERN European Organization for Nuclear Research),preprint,0,https://doi.org/10.5281/zenodo.22850506,True,https://openalex.org/W7213644046
eschatology,"The Evolutionary, Cognitive, and Socio-Historical Architecture of Religion: A Critical Analysis of Ontological Transmission and Doctrinal Consolidation in Early Islam",Elios Sollas,2026,2026-09-20,Zenodo (CERN European Organization for Nuclear Research),preprint,0,https://doi.org/10.5281/zenodo.22850507,True,https://openalex.org/W7213667269
eschatology,Rethinking “Dead” Objects: Baya Pandang and the Cultural Lives of Iban Artifacts in Sarawak Museum Collections,Gregory Kiyai Keai,2026,2026-09-20,Herança,article,0,https://doi.org/10.52152/heranca.v9i3/1282,True,https://openalex.org/W7213783008
patristics,"Topography of the High Country, Ancient Spatial Transformation of Eastern Anatolia from Uruatri to Armenia",Nusret Burak Özsoy,2026,2026-09-20,Turcology Research,article,0,https://doi.org/10.62425/turcology.1593747,True,https://openalex.org/W7213754329
eschatology,Rut Björkman’s Spiritual Critique of the Church as an Impetus for a New Ecclesiology,Imre Koncsik,2026,2026-09-20,Humanities and Social Sciences,article,0,https://doi.org/10.11648/j.hss.20261405.12,True,https://openalex.org/W7213760710
patristics,From Kyiv's Hills to the Antichrist The Retrospective Construction of Seven-Hill Symbolism and Its Political-Religious Afterlife,Miljan Milješković,2026,2026-09-20,Zenodo (CERN European Organization for Nuclear Research),article,0,https://doi.org/10.5281/zenodo.22858014,True,https://openalex.org/W7213776162
eschatology,PRE-GHR Position J: The Throttle Is Not the Problem(油门不是问题),Miaosheng Wang,2026,2026-09-19,Zenodo (CERN European Organization for Nuclear Research),preprint,0,https://doi.org/10.5281/zenodo.22840532,True,https://openalex.org/W7213637335
eschatology,The Chromatic Communion: A Christocentric Phenomenology of Inter-spiritual Sociality and Celestial Communion,Mark Edward Chard,2026,2026-09-19,Knowledge Commons (Lakehead University),article,0,https://doi.org/10.17613/jnfp0-77866,True,https://openalex.org/W7213672005
eschatology,The Chromatic Communion: A Christocentric Phenomenology of Inter-spiritual Sociality and Celestial Communion,Mark Edward Chard,2026,2026-09-19,Knowledge Commons (Lakehead University),article,0,https://doi.org/10.17613/h3bba-7kk83,True,https://openalex.org/W7213672561
eschatology,PRE-GHR Position J: The Throttle Is Not the Problem(油门不是问题),Miaosheng Wang,2026,2026-09-19,Zenodo (CERN European Organization for Nuclear Research),preprint,4,https://doi.org/10.5281/zenodo.22846855,True,https://openalex.org/W7213627204
eschatology,PRE-GHR Position J: The Throttle Is Not the Problem(油门不是问题),Miaosheng Wang,2026,2026-09-19,Zenodo (CERN European Organization for Nuclear Research),preprint,0,https://doi.org/10.5281/zenodo.22846229,True,https://openalex.org/W7213617634
eschatology,PRE-GHR Position J: The Throttle Is Not the Problem(油门不是问题),Miaosheng Wang,2026,2026-09-19,Zenodo (CERN European Organization for Nuclear Research),preprint,0,https://doi.org/10.5281/zenodo.22813133,True,https://openalex.org/W7213497570
eschatology,PRE-GHR Position J: The Throttle Is Not the Problem(油门不是问题),Miaosheng Wang,2026,2026-09-19,Zenodo (CERN European Organization for Nuclear Research),preprint,0,https://doi.org/10.5281/zenodo.22840750,True,https://openalex.org/W7213652970
patristics,"Public Knowledge, and Perceptions of Honeybees in Punjab, Pakistan",Abdul Majid Khan; Muhammad Altaf; Abdullah,2026,2026-09-19,Journal of Applied Research in Plant Sciences,article,0,https://doi.org/10.38211/joarps.2026.07.363,True,https://openalex.org/W7213633152
patristics,Ancestral Sequences Cannot be Accurately Reconstructed via Interpolation in a Variational Autoencoder’s Latent Space,Evan Gorstein; Mengze Tang; Hailey Bruzzone; Claudia R Solis-Lemus,2026,2026-09-19,Bulletin of Mathematical Biology,article,0,https://doi.org/10.1007/s11538-026-01749-6,True,https://openalex.org/W7213650149
patristics,ORTHODOXY IN THE TEACHINGS OF THE SLAVOPHILES,Vladimir Vladimirovich Golenko,2026,2026-09-19,Zenodo (CERN European Organization for Nuclear Research),article,0,https://doi.org/10.52270/27132447_2026_27_21,True,https://openalex.org/W7213876172
patristics,Alice Thornton and the Church of England,Jessica L. Malay,2026,2026-09-18,,book-chapter,0,https://doi.org/10.4324/9781003690689-6,True,https://openalex.org/W7213545221
Irenaeus,Teachings of Demons in Later Times (1 Tim 4.1–5),Tobias Hägerland,2026,2026-09-18,New Testament Studies,article,0,https://doi.org/10.1017/s0028688525000086,True,https://openalex.org/W7213537946
patristics,"Constantine, councils, and the formation of imperial Christianity",Sixbert Sangwa,2026,2026-09-18,,book-chapter,0,https://doi.org/10.65655/ocp.m26.c84,True,https://openalex.org/W7213533135
patristics,Entwined Traditions: Euthaliana in Manuscripts of Acts Catenae,Emanuele Scieri,2026,2026-09-18,New Testament Studies,article,0,https://doi.org/10.1017/s0028688525000104,True,https://openalex.org/W7213536743
Irenaeus,Christian Philosophy and Christian Apologetics: A Philosophical Examination of Their Relationship and Complementarity,Gabriel Adedayo IDOGBE,2026,2026-09-18,INTERNATIONAL JOURNAL OF RELIGIOUS AND CULTURAL PRACTICE,article,0,https://doi.org/10.56201/ijrcp.vol.11.no2.2026.pg30.43,True,https://openalex.org/W7213559515
imago Dei,"La delocalizzasione poética di Rodrigo Damasceno: localismo, migrazione e stranierità",Célia Pedrosa,2026,2026-09-18,,book-chapter,0,https://doi.org/10.30687/979-12-5742-076-5/013,True,https://openalex.org/W7213562674
patristics,Rome and Constantinople,Sixbert SANGWA,2026,2026-09-18,,book-chapter,0,https://doi.org/10.65655/ocp.m26.c86,True,https://openalex.org/W7213562128
patristics,Medieval Roman Catholicism and the seeds of reform,Sixbert SANGWA,2026,2026-09-18,,book-chapter,0,https://doi.org/10.65655/ocp.m26.c87,True,https://openalex.org/W7213674057
patristics,"Christianity in Africa: Ancient roots, missions, independent churches, and Pentecostal expansion",Sixbert SANGWA,2026,2026-09-18,,book-chapter,0,https://doi.org/10.65655/ocp.m26.c93,True,https://openalex.org/W7213662199
patristics,From apostolic doctrine to religious fragmentation: Testing the tree by Scripture,Sixbert SANGWA,2026,2026-09-18,,book-chapter,0,https://doi.org/10.65655/ocp.m26.c96,True,https://openalex.org/W7213650088
patristics,The first enduring Christian divisions,Sixbert SANGWA,2026,2026-09-18,,book-chapter,0,https://doi.org/10.65655/ocp.m26.c85,True,https://openalex.org/W7213544002
patristics,"Protestantism multiplies: Puritans, Baptists, Quakers, Pietists, and Methodists",Sixbert SANGWA,2026,2026-09-18,,book-chapter,0,https://doi.org/10.65655/ocp.m26.c89,True,https://openalex.org/W7213624822
patristics,The modern Christian family tree: What exists today and where did it come from?,Sixbert SANGWA,2026,2026-09-18,,book-chapter,0,https://doi.org/10.65655/ocp.m26.c95,True,https://openalex.org/W7213623124
patristics,The Protestant Reformation and the breaking of Western Christendom,Sixbert SANGWA,2026,2026-09-18,,book-chapter,0,https://doi.org/10.65655/ocp.m26.c88,True,https://openalex.org/W7213645749
imago Dei,"Ekueitermes alerosinus, a new genus and species of soldierless termite from Colombia (Isoptera, Termitidae, Apicotermitinae)",Ervin Humprey Duran-Bautista; Fernando CELIS-DAZA; Nasly S. Poveda Quezada; Fausto Andres Ortiz‐Morea; Rudolf H. Scheffrahn; Daniel Castro,2026,2026-09-18,ZooKeys,article,0,https://doi.org/10.3897/zookeys.1292.195853,True,https://openalex.org/W7213544277
Irenaeus,From the Apostles to the Early Catholic Church,Sixbert SANGWA,2026,2026-09-18,,book-chapter,0,https://doi.org/10.65655/ocp.m26.c83,True,https://openalex.org/W7213535107
imago Dei,Imitation and the Formation of the Soul in Augustine of Hippo,Diego I. Rosales Meana,2026,2026-09-18,The Heythrop Journal,article,0,https://doi.org/10.1111/heyj.70108,True,https://openalex.org/W7213648197
imago Dei,DIREITO E LITERATURA: OS DIREITOS DA PERSONALIDADE E OS LIMITES DO SUJEITO DE DIREITOS KELSENIANO EM MEMÓRIAS DO SUBSOLO,Gleyson de Deus Alves; Fernando Rodrigues de Almeida,2026,2026-09-18,Boletim de Conjuntura (BOCA),article,0,https://doi.org/10.56238/bocav25n82-012,True,https://openalex.org/W7213756680
imago Dei,In Search of a New Historiography of the Telescope,Yaakov Zik; Giora Hon,2026,2026-09-17,Physics in Perspective,article,0,https://doi.org/10.1007/s00016-026-00353-4,True,https://openalex.org/W7213493927
patristics,"Is Displacing Evil Explaining It? Agency, Ontological Dependence, and Divine Permission in Religious Responses to the Problem of Evil",Pablo Dietrich,2026,2026-09-17,RCMOS - Revista Científica Multidisciplinar O Saber,article,0,https://doi.org/10.51473/rcmos.v1i2.2026.2896,True,https://openalex.org/W7213519950
patristics,"ASEITY AND THE SUBSTRATE: What the Identity Thesis Can and Cannot Mean: Why ""God is Freedom"" Cannot Be Substituted into the Formula, and What It Means Instead",José Caetano de Mattos,2026,2026-09-17,PhilPapers (PhilPapers Foundation),article,0,https://doi.org/10.5281/zenodo.22807811,True,https://openalex.org/W7213503803
patristics,Life in Himself Through Eternal Generation: St. Augustine of Hippo's Metaphysical Analysis of John 5:26 and Its Relevance,Hendi Hendi,2026,2026-09-17,Cuestiones teológicas,article,0,https://doi.org/10.18566/cueteo.v53n120.a02,True,https://openalex.org/W7213496574
patristics,Predicting unknown mammalian viral hosts with Dynamic Positive–Unlabeled learning,Gabriele Pignalberi; Andrea Tonelli; S. Giagu; Moreno Di Marco,2026,2026-09-17,Nature Communications,article,0,https://doi.org/10.1038/s41467-026-76416-4,True,https://openalex.org/W7213469911
patristics,სემანტიკური ტრანზიციის სინტაქსური მახასიათებლები ახალი იადგარის დიდმარხვის ჰიმნოგრაფიაში,თამაზ დევიძე,2026,2026-09-17,Millennium,article,0,https://doi.org/10.62235/mln.4.2026.12151,True,https://openalex.org/W7213462433
patristics,A Statistical Investigation of the Synoptic Problem,David Gentile,2026,2026-09-17,Qeios,preprint,0,https://doi.org/10.32388/ribdz7.6,True,https://openalex.org/W7213441310
imago Dei,Underrepresentation of Women in C-Suite Positions in North American Technology Companies,Joy Lynn Obey,2026,2026-09-17,Digital Commons (Liberty University),article,0,,True,https://openalex.org/W7213568601
imago Dei,"What We Love Online: A Deductive Thematic Analysis of Thoughtforms, Parasocial Agent Connection, and Bidirectional Fictophilia in the Digital Liminal",Michael Paul Ross,2026,2026-09-17,Digital Commons (Liberty University),article,0,,True,https://openalex.org/W7213568525
imago Dei,A Bridge of Trust: A Cross-Cultural Ministry Guide for Buidling Ministry Partnerships with Mississippi Choctaw Churches,"Duplessie, Ray Hazelton, Jr.",2026,2026-09-17,Scholars Crossing (Liberty University),article,0,,True,https://openalex.org/W7213568083
imago Dei,How Partner Support Impacts the Intimate Relationship Quality of Adult Childhood Sexual Abuse (CSA) Survivors: A Qualitative Study,Colin Elliot Wilson,2026,2026-09-17,Scholars Crossing (Liberty University),article,0,,True,https://openalex.org/W7213564086
pneumatology,To Christians of the Third Millennium III: Methodology of CTM Analysis,LeonAbasgus,2026,2026-09-17,PhilPapers (PhilPapers Foundation),book,0,https://doi.org/10.5281/zenodo.22819373,True,https://openalex.org/W7213509683
imago Dei,FOJNIČKI RUKOPISNI RJEČNIK U ODNOSU NA LALIĆEV RJEČNIK,Luciana Boban; Josip Grubeša; Jelena Jurčić,2026,2026-09-17,Mostariensia,article,0,https://doi.org/10.47960/2831-0322.2026.1.30.6,True,https://openalex.org/W7213460874
imago Dei,C. G. Jung,Vanessa Jankowski,2026,2026-09-17,,book-chapter,0,https://doi.org/10.4324/9781003672623-6,False,https://openalex.org/W7213470079
patristics,This (Mortal) Christian Life: Growth in Grace and the Problem of Senescence,Daniel Lee Hill,2026,2026-09-17,Modern Theology,article,0,https://doi.org/10.1111/moth.70147,True,https://openalex.org/W7213545897
imago Dei,Integration of Industry 4.0 Technologies in Automotive Supply Chains,Christopher McDonald,2026,2026-09-17,Digital Commons (Liberty University),article,0,,True,https://openalex.org/W7213573662
imago Dei,Enhancing Cognitive and Emotional Development in an Inclusive High School Setting: A Study of Students with Intellectual Disabilities,Roxanne Miller,2026,2026-09-17,Digital Commons (Liberty University),article,0,,True,https://openalex.org/W7213576161
imago Dei,A Synthesis of the Four Theorists' Perspectives on Evolving the Modern West's Consciousness,Vanessa Jankowski,2026,2026-09-17,,book-chapter,0,https://doi.org/10.4324/9781003672623-5,False,https://openalex.org/W7213458860
Irenaeus,THE MESSAGE OR ANOTHER GOSPEL?,Sixbert SANGWA,2026,2026-09-17,,book,0,https://doi.org/10.65655/ocp.m24,True,https://openalex.org/W7213444364
Irenaeus,Combination Immunotherapy in Pancreatic Cancer: Current Clinical Evidence and Mechanistic Rationale for Overcoming a “Cold” Tumor,Bode T. Eisenmenger; Abraham S. Rappaport; Liam H. Connell; Victor T. Petruc; Ethan J. Riordan; Mark R. Wakefield; Yujiang Fang,2026,2026-09-17,Cancers,article,0,https://doi.org/10.3390/cancers18183019,True,https://openalex.org/W7213461553
imago Dei,A Way Forward,Vanessa Jankowski,2026,2026-09-17,,book-chapter,0,https://doi.org/10.4324/9781003672623-10,False,https://openalex.org/W7213457378
imago Dei,Ordo et connexio verborum Spinoza on the Genesis and Nature of Human Language,Giacomo Tore,2026,2026-09-17,JOLMA,article,0,https://doi.org/10.30687/jolma/2723-9640/2026/01/006,True,https://openalex.org/W7213452270
imago Dei,Depth Psychological Components Defined for the Theories of Evolving Consciousness,Vanessa Jankowski,2026,2026-09-17,,book-chapter,0,https://doi.org/10.4324/9781003672623-3,False,https://openalex.org/W7213450441
imago Dei,A Depth Psychology Stance on Consciousness and the Unconscious,Vanessa Jankowski,2026,2026-09-17,,book-chapter,0,https://doi.org/10.4324/9781003672623-2,False,https://openalex.org/W7213443347
imago Dei,"The Category Error of ‘Artificial Intelligence’: A Thomistic Analysis of Conscience, Prudence and Algorithmic Governance",Sunghyun Cho,2026,2026-09-17,Studies in Christian Ethics,article,0,https://doi.org/10.1177/09539468261488251,True,https://openalex.org/W7213440849
patristics,A New Understanding of the Tension between Evil and Divine Greatness: An Application of Existential Ontology to Christian Apologetics,William A Blea,2026,2026-09-17,Scholars Crossing (Liberty University),article,0,,True,https://openalex.org/W7213564488
patristics,‘A Sabbath Rest Still Remains’: The Reception and Transformation of Hebrews 4.9 in Late Antiquity,Luke Drake,2026,2026-09-16,New Testament Studies,article,0,https://doi.org/10.1017/s002868852400050x,True,https://openalex.org/W7213313261
patristics,Metazoan-wide phylogenomics supports the emergence of recognisable canonical prostanoid-receptor family structure across the vertebrate transition,Sebastiano Scibelli,2026,2026-09-16,Research Square,preprint,0,https://doi.org/10.21203/rs.3.rs-11021752/v1,True,https://openalex.org/W7213221738
Irenaeus,Works for 9/15/2026 - Wolfhart Pannenberg,Ryan MacLean,2026,2026-09-16,Zenodo (CERN European Organization for Nuclear Research),conference-paper,0,https://doi.org/10.5281/zenodo.22779388,True,https://openalex.org/W7213401333
patristics,"MichaelMagree, The Interpretation of Kenosis from Origen to Cyril of Alexandria: Dimensions of Self‐Emptying in the Reception of Philippians 2:7. Oxford: Oxford University Press, 2024, x + 315pp. $115",Brian Wagers,2026,2026-09-16,International Journal of Systematic Theology,book-review,0,https://doi.org/10.1111/ijst.70061,True,https://openalex.org/W7213329208
patristics,Does Mark Care That Jesus Was Raised from the Dead? On Resurrecting the King and the Kingdom (Mark 16.1–8),E.J. Davila,2026,2026-09-16,New Testament Studies,article,0,https://doi.org/10.1017/s0028688525000153,True,https://openalex.org/W7213334511
patristics,Unraveling the epidemiological and dispersal dynamics of the 2024–2025 chikungunya virus epidemic on Réunion Island,Étienne Frumence; Raphaëlle Klitting; Kyla Serres; Yucai Shao; Filippo Monti; Muriel Vincent; Mandev S. Gill; Marc A. Suchard; Philippe Lemey; Xavier Nicolas de Lamballerie; Marie‐Christine Jaffar‐Bandjee; Simon Dellicour,2026,2026-09-16,Proceedings of the National Academy of Sciences,article,0,https://doi.org/10.1073/pnas.2621019123,True,https://openalex.org/W7213409703
patristics,Hyb-Adam-UA: additivity-aware refinement of minimax-initialized mtDNA distance matrices,Dmitrii Chaikovskii; Weilai Qu; Boris Feliksovich Melnikov; Ye Zhang; Yuehong Zhao,2026,2026-09-16,BMC Bioinformatics,article,0,https://doi.org/10.1186/s12859-026-06629-3,True,https://openalex.org/W7213411834
patristics,Penal‐Reparative Atonement: A Synthesis of Penal Substitution and Satisfaction Models,Sean Luke,2026,2026-09-16,The Heythrop Journal,article,0,https://doi.org/10.1111/heyj.70106,True,https://openalex.org/W7213467286
patristics,The Theological Underpinnings of Ignatian Spirituality,,2026,2026-09-16,,book,0,https://doi.org/10.3390/books978-3-7258-8788-0,True,https://openalex.org/W7213922396
imago Dei,Deus los havia tramès lo sant rei d’Aragó: mesianismo y memoria dinástica en las crónicas y en el Monasterio de Santes Creus,Guifré Colomer Pérez; Marina Povill Salas,2026,2026-09-16,Espacio Tiempo y Forma Serie III Historia Medieval,article,0,https://doi.org/10.5944/etfiii.39.2026.47040,True,https://openalex.org/W7213339019
imago Dei,AJUSTAMENTO OU NOVAS FORMAS DE CONJUGALIDADE PARA HOMOSSEXUALIDADE MASCULINA FRENTE AO LEGADO DA HETERONORMATIVIDADE: FRAGMENTOS DA EXPERIÊNCIA DE UM CASAL LONGEVO E SUAS SINGULARIDADES DE VÍNCULO AFETIVO,Paulo Cesar Machado,2026,2026-09-16,Revista de Geopolítica,article,0,https://doi.org/10.56238/revgeov17n9-084,True,https://openalex.org/W7213526563
Irenaeus,Works for 9/15/2026 - Wolfhart Pannenberg,Ryan MacLean,2026,2026-09-16,Zenodo (CERN European Organization for Nuclear Research),conference-paper,0,https://doi.org/10.5281/zenodo.22779387,True,https://openalex.org/W7213427326
imago Dei,Las alhajas de la reina: joyería dinástica y orfebrería personal en los reinos ibéricos,Ana María Echevarría Arsuaga,2026,2026-09-16,Espacio Tiempo y Forma Serie III Historia Medieval,article,0,https://doi.org/10.5944/etfiii.39.2026.46742,True,https://openalex.org/W7213338534
Irenaeus,Occurrence Download,GBIF.org User,2026,2026-09-16,Global Biodiversity Information Facility,dataset,0,https://doi.org/10.15468/dl.2zch3t,True,https://openalex.org/W7213394499
imago Dei,"Did Gregory of Nyssa Author Diatribes? The Case of ""De mortuis""",Marta Przyszychowska,2026,2026-09-15,Vox Patrum,article,0,https://doi.org/10.31743/vp.19654,True,https://openalex.org/W7213367330
patristics,"The Memoria S. Stephani in Hippo Regius. Veneration, Miracles, and Archaeological Evidence",Hubertus R. Drobner,2026,2026-09-15,Vox Patrum,article,0,https://doi.org/10.31743/vp.19310,True,https://openalex.org/W7213271445
patristics,"Maksym Wyznawca, ""Ambiguum 21""",Karolina Kochańczyk-Bonińska,2026,2026-09-15,Vox Patrum,article,0,https://doi.org/10.31743/vp.20187,True,https://openalex.org/W7213266973
patristics,Stary Kościół (Παλαιά) jako najstarsze znane miejsce kultu chrześcijańskiego w Antiochii Syryjskiej,Sławomir Jacek Bralewski; Piotr Szczur,2026,2026-09-15,Vox Patrum,article,0,https://doi.org/10.31743/vp.19618,True,https://openalex.org/W7213252126
patristics,Patristic Strands in Kenneth Escott Kirk's Moral Theology,Sławomir Nowosad,2026,2026-09-15,Vox Patrum,article,0,https://doi.org/10.31743/vp.19487,True,https://openalex.org/W7213264263
patristics,Christian-Jewish Relations in Ninth-Century Byzantium: Religious Othering,Олександр Кащук; Ruslan Melnykovych,2026,2026-09-15,Vox Patrum,article,0,https://doi.org/10.31743/vp.19514,True,https://openalex.org/W7213254509
patristics,"Paruzja, Sąd ostateczny i ciała zmartwychwstałe według ""Prognosticum Futuri Saeculi"" Juliana z Toledo",Dariusz Antoni Kasprzak,2026,2026-09-15,Vox Patrum,article,0,https://doi.org/10.31743/vp.20012,True,https://openalex.org/W7213249693
patristics,Sedes Sapientiae: A Mariological Metaphor According to Church Fathers and Medieval Theologians and Liturgical Hymnographers,José María Salvador González,2026,2026-09-15,Vox Patrum,article,0,https://doi.org/10.31743/vp.18962,True,https://openalex.org/W7213222226
patristics,On Whether the Rich Can Be Saved: Clement of Alexandria and Gnostic Conceptions of Wealth,Łukasz Koszałka,2026,2026-09-15,Vox Patrum,article,0,https://doi.org/10.31743/vp.19955,True,https://openalex.org/W7213221740
imago Dei,Rekonstruksi Model Desain Pembelajaran Pendidikan Agama Islam Berbasis Analisis Komparatif pada Era Transformasi Digital,Rosmiati Ramli; Atrina Atrina; Marni Marni; Sri Widyastuti; Darni Hafizah Almardiah; Rindiani Rindiani; Warda Warda,2026,2026-09-15,Tasamuh Jurnal Studi Islam,article,0,https://doi.org/10.47945/tasamuh.v18i2.3257,True,https://openalex.org/W7213338958
Irenaeus,God is Most Glorified in Himself When Christ is Most Penalised for Me ?,S. Mark Hamilton,2026,2026-09-14,The Heythrop Journal,article,0,https://doi.org/10.1111/heyj.70105,True,https://openalex.org/W7213291027
Irenaeus,Pauline cosmological redemption and the goodness of creation: Christian ecological concern in the Indonesian context,Herry Susanto,2026,2026-09-14,Otago University Research Archive (University of Otago),dissertation,0,https://doi.org/10.82348/our-archive.00355,True,https://openalex.org/W7212494704
imago Dei,"Serpent, Staff, and State: Tiresias at Rome",Charles-Elizabeth Boyles,2026,2026-09-14,University Of Wales Trinity Saint David Research Repository (University of Wales Trinity Saint David),dissertation,0,https://doi.org/10.82227/repository.uwtsd.ac.uk.00004355,True,https://openalex.org/W7212731590
pneumatology,,,2026,2026-09-14,MODERATE Journal of Religious Education and Social,paratext,0,https://doi.org/10.46362/moderate.v4i1,True,https://openalex.org/W7212901340
imago Dei,Imago Dei in the age of algorithms: A theologically grounded critique of artificial intelligence in Christian education,Daniel Sudibyo Tjandra,2026,2026-09-14,Verbum et Ecclesia,article,0,https://doi.org/10.4102/ve.v47i1.3863,True,https://openalex.org/W7212778146
Irenaeus,Kasih Insani Yesus Bagi Dunia yang Rentan: Mendalami Dokumen Komisi Teologi Internasional (KTI) Perihal 1700 Tahun Nicea,Andreas Bernadinus Atawolo; Raymond R. Tjandrawinata,2026,2026-09-13,Dunamis Jurnal Teologi dan Pendidikan Kristiani,article,0,https://doi.org/10.30648/dun.v11i1.2178,True,https://openalex.org/W7212432620
imago Dei,La retorica fra utile e dolce nelle guide di città italiane tra Cinque e Seicento,Harald Hendrix,2026,2026-09-12,Incontri Rivista europea di studi italiani,article,0,https://doi.org/10.18352/inc28255,True,https://openalex.org/W7213473431
imago Dei,Character and Faith Formation of Children through Christian Religious Education,Dunant F. Soukotta; Liantoro Liantoro; Maju Halawa; Darmaria Pasaribu,2026,2026-09-12,KINAA Jurnal Teologi,article,0,https://doi.org/10.47178/wj36nx36,True,https://openalex.org/W7212387613
imago Dei,"Wola stworzona a pełnia „Bóg wszystko we wszystkich” (1 Kor 15,28). Ontologiczny problem wolności w eschatologii Sergiusza Bułgakowa",Wojciech Słomski,2026,2026-09-11,Śląskie Studia Historyczno-Teologiczne,article,0,https://doi.org/10.31261/ssht.2026.59.1.02,True,https://openalex.org/W7213468793
imago Dei,"HOW CHRISTIAN THEOLOGY INFORMS GLOBAL ETHICS, HUMANITARIAN INTERVENTION, AND PEACEBUILDING",Joseph Olakulehin Ige,2026,2026-09-11,Zenodo (CERN European Organization for Nuclear Research),article,0,https://doi.org/10.5281/zenodo.22719021,True,https://openalex.org/W7212404685
imago Dei,"HOW CHRISTIAN THEOLOGY INFORMS GLOBAL ETHICS, HUMANITARIAN INTERVENTION, AND PEACEBUILDING",Joseph Olakulehin Ige,2026,2026-09-11,Zenodo (CERN European Organization for Nuclear Research),article,0,https://doi.org/10.5281/zenodo.22719020,True,https://openalex.org/W7212351025
imago Dei,Inclusive Faith Development Theory (IFDT): A Theological Framework for Disability Inclusion and Progressive Faith Formation,Albert Ulutorti Green; Kenechi N. Afunugo; Geoffrey C. Nganwuchu; Ikechukwu V. Ezenwa,2026,2026-09-11,Zenodo (CERN European Organization for Nuclear Research),article,0,https://doi.org/10.5281/zenodo.22705969,True,https://openalex.org/W7212319796
imago Dei,"Veridiana, o normal e a razão",Camila Salles Gonçalves; Celia Blini de Lima; Julieta Jerusalinsky,2026,2026-09-11,Percurso,article,0,https://doi.org/10.70048/percurso.76.133-144,True,https://openalex.org/W7212260545
imago Dei,Inclusive Faith Development Theory (IFDT): A Theological Framework for Disability Inclusion and Progressive Faith Formation,Albert Ulutorti Green; Kenechi N. Afunugo; Geoffrey C. Nganwuchu; Ikechukwu V. Ezenwa,2026,2026-09-11,Zenodo (CERN European Organization for Nuclear Research),article,0,https://doi.org/10.5281/zenodo.22705970,True,https://openalex.org/W7212224904
imago Dei,Inclusive Faith Development Theory (IFDT): A Theological Framework for Disability Inclusion and Progressive Faith Formation,Albert U. Green; Kenechi N. Afunugo; Geoffrey C. Nganwuchu; Ikechukwu V. Ezenwa,2026,2026-09-11,SIAR-Global Journal of Arts & Humanities,article,0,https://doi.org/10.66694/siar.gjah20262003,False,https://openalex.org/W7214976392
pneumatology,2 Timothy 1:13–14 and Its Significance for Theological Education in Africa,Paul Danbaki Jatau,2026,2026-09-11,SIAR-Global Journal of Humanities Management & Educational Review,article,0,https://doi.org/10.66694/siar.gjhmer20263010,True,https://openalex.org/W7214195642
pneumatology,Critical Issues in Christian Ethics,,2026,2026-09-11,,book,0,https://doi.org/10.3390/books978-3-7258-8704-0,True,https://openalex.org/W7213947305
Irenaeus,Ireneusz z Lyonu wobec walentynian w sporze o publiczny wymiar objawienia,Łukasz Koszałka,2026,2026-09-11,Śląskie Studia Historyczno-Teologiczne,article,0,https://doi.org/10.31261/ssht.2026.59.1.01,True,https://openalex.org/W7213472300
imago Dei,"O “verbo febril”: o drama da criação em Uma furtiva lágrima e Vozes do deserto, de Nélida Piñon",Douglas Da Silva Farias,2026,2026-09-10,Revista Criação & Crítica,article,0,https://doi.org/10.11606/issn.1984-1124.i45p208-230,True,https://openalex.org/W7213554378
imago Dei,AJUSTAMENTO OU NOVAS FORMAS DE CONJUGALIDADE PARA HOMOSSEXUALIDADE MASCULINA FRENTE AO LEGADO DA HETERONORMATIVIDADE: FRAGMENTOS DA EXPERIÊNCIA DE UM CASAL LONGEVO E SUAS SINGULARIDADES DE VÍNCULO AFETIVO,Paulo Cesar Machado,2026,2026-09-10,,conference-paper,0,https://doi.org/10.56238/iimulticientifica-142,True,https://openalex.org/W7212147756
imago Dei,Pembinaan Kerohanian Remaja Kristen di Klaten,Roedy Silitonga; Kezia Ratih Runtu,2026,2026-09-10,Jurnal PKM Setiadharma,article,0,https://doi.org/10.47457/1knb2q17,True,https://openalex.org/W7213554592
imago Dei,"Can an Algorithm Be Sacred? Affect, Embodiment, and the Spiritual Status of Artificial Intelligence: A Spinozist, Cross-Traditional Inquiry",Abdurrazak GÜLTEKİN,2026,2026-09-09,Religions,article,0,https://doi.org/10.3390/rel17091049,True,https://openalex.org/W7212020388
imago Dei,My Body Temple: Christian Character Education for Adolescents in Maintaining Body Holiness and Social Ethics in the Digital Age,Bernase Titaley; Christiana Demaja Wilhelmina Sahertian,2026,2026-09-09,Journal of Educational Studies,article,0,https://doi.org/10.58218/jes.v4i2.3584,False,https://openalex.org/W7212107724
imago Dei,Berbagi Makan Dengan Yang Lain: Tinjauan Etika Tanggung Jawab Terhadap Layanan Warung Tiberias GKI Salatiga,Imanuel Febryanto Bani,2026,2026-09-09,Universitas Kristen Satya Wacana Institutional Repository (Universitas Kristen Satya Wacana),dissertation,0,,False,https://openalex.org/W7212200894
imago Dei,Telaah Teologi Kontekstual Terhadap Implementasi Nilai Saruma Bagi Gagasan Gereja Orang Basudara,Esthilia Julensya F Lakoruhut,2026,2026-09-09,Universitas Kristen Satya Wacana Institutional Repository (Universitas Kristen Satya Wacana),dissertation,0,,False,https://openalex.org/W7213677541
pneumatology,"Resonating the Simple Touch: A Fractal-Acoustic Integration of the Living Flame of Love (Stanzas 3–4), the Dark Night of the Spirit, and the Connexio Virtutum under Divine Simplicity",Fr Joseph Gee,2026,2026-09-09,Zenodo (CERN European Organization for Nuclear Research),article,0,https://doi.org/10.5281/zenodo.22675433,True,https://openalex.org/W7213352846
pneumatology,"Resonating the Simple Touch: A Fractal-Acoustic Integration of the Living Flame of Love (Stanzas 3–4), the Dark Night of the Spirit, and the Connexio Virtutum under Divine Simplicity",Fr Joseph Gee,2026,2026-09-09,Zenodo (CERN European Organization for Nuclear Research),article,0,https://doi.org/10.5281/zenodo.22161648,True,https://openalex.org/W7204670496
imago Dei,The Worth of Human Life: A Multidimensional Foundation for Human Rights,H. Melisa Acar,2026,2026-09-09,Human Rights Review,article,0,https://doi.org/10.1007/s12142-026-00768-z,True,https://openalex.org/W7212054073
Irenaeus,Excerpting History in the Syriac World,Giorgia Nicosia,2026,2026-09-09,,book,0,https://doi.org/10.1515/9783112244135,True,https://openalex.org/W7207992725
Irenaeus,"Asleep Until the Resurrection? Soul Sleep, Consciousness, and the Limits of Biblical Inference",Daniel J. Grace,2026,2026-09-09,Zenodo (CERN European Organization for Nuclear Research),preprint,0,https://doi.org/10.5281/zenodo.22672461,True,https://openalex.org/W7212045788
Irenaeus,"Asleep Until the Resurrection? Soul Sleep, Consciousness, and the Limits of Biblical Inference",Daniel J. Grace,2026,2026-09-09,Zenodo (CERN European Organization for Nuclear Research),preprint,0,https://doi.org/10.5281/zenodo.22672462,True,https://openalex.org/W7212084102
imago Dei,Devenir de los derechos humanos y delegados infiltrados,Debaqui Norma Angélica Pérez Aguilar; Tatiana Lizeth Urrego Rojas,2026,2026-09-08,Revista Estudiantil Latinoamericana de Ciencias Sociales,article,0,https://doi.org/10.18504/rl1522-014-2026,True,https://openalex.org/W7212140208
Irenaeus,Mitochondrial DNA Copy Number Is Associated With Visual Field Progression in Primary Open-Angle Glaucoma,Anh H. Pham; Katelyn Kane; Douglas Rodrigues da Costa; Felipe Andrade Medeiros,2026,2026-09-08,medRxiv,preprint,0,https://doi.org/10.64898/2026.09.05.26362328,True,https://openalex.org/W7212033969
imago Dei,Rileggere Cassirer dopo la svolta iconica. Un saggio in onore di Federico Vercellone,Ivan Quartesan,2026,2026-09-08,Itinera,article,0,https://doi.org/10.54103/2039-9251/32270,True,https://openalex.org/W7211939754
imago Dei,Painting the Instant of Death in Early Modern Europe,Itay Sapir,2026,2026-09-08,,book,0,https://doi.org/10.4324/9781003563686,True,https://openalex.org/W7211965419
imago Dei,Inteligencia Artificial como nuevo areópago moderno para la evangelización. Una lectura teológica del numeral 37 de la Encíclica Redemptoris Missio en el contexto de la cultura digital contemporánea,José Edmundo Aguilera Umaña,2026,2026-09-08,Teoría y Praxis,article,0,https://doi.org/10.61604/typ.v25i49.597,True,https://openalex.org/W7212071609
imago Dei,Scienciarum provalencium margarita – Dokument fundacji Studium Generalnego w Krakowie jako pierwsza lekcja łaciny średniowiecznej (mediae Latinitatis lectio prima) na zajęciach translatoryjnych: komentarz do przekładu i analizy tekstu,Anna Mleczek,2026,2026-09-07,Zeszyty Glottodydaktyczne Jagiellońskiego Centrum Językowego,article,0,https://doi.org/10.4467/27204812zg.26.002.23421,True,https://openalex.org/W7211918346
imago Dei,Connecting the Pulpit and the Home Domain: Pastoral care strategies for enhancing family well-being,Muvhango Reuben Mudzuli; Fazel Ebrihiam Freeks,2026,2026-09-07,Pharos Journal of Theology,article,0,https://doi.org/10.46222/pharosjot.107.4040,True,https://openalex.org/W7211904557
Irenaeus,"Sophia, the Demiurge, and the Fractured Pleroma Valentinian Christianity, Creation, and Salvation in the Second Century",Daniel J. Grace,2026,2026-09-07,Zenodo (CERN European Organization for Nuclear Research),article,0,https://doi.org/10.5281/zenodo.22648553,True,https://openalex.org/W7211876667
Irenaeus,Grace and the Remaking of the Human Person: The Doctrine of Grace and its Impact on Identity,Kenneth J Howell,2026,2026-09-07,Figshare,dissertation,0,https://doi.org/10.6084/m9.figshare.33442786,True,https://openalex.org/W7211887898
Irenaeus,Grace and the Remaking of the Human Person: The Doctrine of Grace and its Impact on Identity,Kenneth J Howell,2026,2026-09-07,Figshare,dissertation,0,https://doi.org/10.6084/m9.figshare.33442786.v1,True,https://openalex.org/W7211888139
Irenaeus,"Ecological conditions effect on the Anatomical characters of Myrtus communis in Kasnazan, Shameran and Erbil Center in Kurdistan Region of Iraq",Chnar N. Fathulla; Rasty Muhammad; SERWAN T.S. AL-DABBAGH,2026,2026-09-07,Research Square,preprint,0,https://doi.org/10.21203/rs.3.rs-10392979/v1,True,https://openalex.org/W7211896911
Irenaeus,"Sophia, the Demiurge, and the Fractured Pleroma Valentinian Christianity, Creation, and Salvation in the Second Century",Daniel J. Grace,2026,2026-09-07,Zenodo (CERN European Organization for Nuclear Research),article,0,https://doi.org/10.5281/zenodo.22648552,True,https://openalex.org/W7211918386
imago Dei,The Migration of the Image: Zelem from the Rabbinic Body of Light to Infinity Without Thought,Julian Ungar-Sargon,2026,2026-09-04,Archivos de Ciencia e Investigación,article,0,https://doi.org/10.33140/adci.02.02.07,True,https://openalex.org/W7214400354
imago Dei,Bibliography,William Lane Craig,2026,2026-09-04,,paratext,0,https://doi.org/10.1002/9781394309139.biblio,True,https://openalex.org/W7208790275
imago Dei,Unveiling the journey of Juan Vespucci’s printed polar hemispheres (1522-1524),Luis A. Robles Macías,2026,2026-09-04,Anuario de Estudios Americanos,article,0,https://doi.org/10.3989/aeamer.2026.1.1164,True,https://openalex.org/W7208765257
imago Dei,Systematic Philosophical Theology,William Lane Craig,2026,2026-09-04,,book,0,https://doi.org/10.1002/9781394309139,False,https://openalex.org/W7208743160
pneumatology,"The Dove Descending. Knowing and Loving in Spirit and Truth by George Westhaver and Jonathan Price (eds.), James Clarke, Cambridge, 2025, pp. xii + 358, £29.50, pbk",Aidan Nichols,2026,2026-09-04,New Blackfriars,book-review,0,https://doi.org/10.1017/nbf.2026.10153,True,https://openalex.org/W7208717847
imago Dei,"Crossing Cultures: Encounters, Clashes and their Reception in Antiquity: AMPAH Conference Proceedings (Campobasso, 15th-16th May 2026)",Francesca Cozza; Anita Malagrinò Mustica; Lorenzo Serino; Donato Sitaro,2026,2026-09-03,Directory of Open access Books (OAPEN Foundation),article,0,,True,https://openalex.org/W7212095401
imago Dei,"Crossing Cultures: Encounters, Clashes and their Reception in Antiquity: AMPAH Conference Proceedings (Campobasso, 15th-16th May 2026)",Francesca Cozza; Anita Malagrinò Mustica; Lorenzo Serino; Donato Sitaro,2026,2026-09-03,IRIS Research product catalog (Sapienza University of Rome),book-chapter,0,https://doi.org/10.6093/978-88-6887-450-6,True,https://openalex.org/W7207758228
Irenaeus,With Arms Wide Open: Grounding Gen Z in the Gospel by Expounding the Apostles’ Creed,Andrew Slay,2026,2026-09-03,Gospel Leadership,article,0,https://doi.org/10.56505/001c.168678,True,https://openalex.org/W7207827358
Irenaeus,Works for 9/3/2026 - Mary Ward,Ryan MacLean,2026,2026-09-03,Zenodo (CERN European Organization for Nuclear Research),conference-paper,0,https://doi.org/10.5281/zenodo.22283045,True,https://openalex.org/W7207646712
pneumatology,Intercultural education in global Pentecostalism: A case study of the Redeemed Christian Church of God,Kola Aiyedogbon; Marilyn Naidoo,2026,2026-09-03,African Journal of Pentecostal Studies,article,0,https://doi.org/10.4102/ajops.v3i1.167,True,https://openalex.org/W7207654475
pneumatology,"Lord, giver and renewer of life: revivals, tribal theology and an emerging Naga pneumatology",Elilo Ezung,2026,2026-09-03,ERA,dissertation,0,https://doi.org/10.7488/era/7740,True,https://openalex.org/W7207688182
Irenaeus,Works for 9/3/2026 - Mary Ward,Ryan MacLean,2026,2026-09-03,Zenodo (CERN European Organization for Nuclear Research),conference-paper,0,https://doi.org/10.5281/zenodo.22283044,True,https://openalex.org/W7207611705
Irenaeus,Christian Humanism: A Brief Definitional History,Jens Zimmermann,2026,2026-09-02,Modern Theology,article,0,https://doi.org/10.1111/moth.70137,True,https://openalex.org/W7205009205
Irenaeus,The Grace of Marriage According to Irenaeus and Erasmus,Cyril Pasquier,2026,2026-09-02,,book-chapter,0,https://doi.org/10.4324/9781003674948-17,False,https://openalex.org/W7205016666
Irenaeus,"“Freely I have Received thy Grace” (Odes of Solomon 5,3a)",István M. Bugár,2026,2026-09-02,,book-chapter,0,https://doi.org/10.4324/9781003674948-7,False,https://openalex.org/W7205017414
pneumatology,"Rhythms of Breath, Rhythms of Love",Lenart Škof,2026,2026-09-02,dCOBISS.SI Digital Repository,article,0,https://doi.org/10.19205/76.26.15,True,https://openalex.org/W7172527438
pneumatology,"Watkins, Clare and Butler, James. 2026. Christian Faith and Christian Learning. A Theological Action Research Account",Felix Eiffler,2026,2026-09-02,Ecclesial Futures,article,0,https://doi.org/10.54195/ef27982,True,https://openalex.org/W7207535016
pneumatology,"Fischer, Mario, and Thomas-Andreas Põder (eds.). 2025. Die Kirche Jesu Christi / The Church of Jesus Christ: The Contribution of the Reformation towards Ecumenical Dialogue",Patrick Todjeras,2026,2026-09-02,Ecclesial Futures,article,0,https://doi.org/10.54195/ef27984,True,https://openalex.org/W7207686091
Irenaeus,Technology development through comparative evaluation of yield performance and income generation potential of yard-long bean varieties under farmers’ field conditions,P Bijaya Devi; AK Mohanty; Birendrajit .; Shubham Shrikant Rathod; Y Prabhabati Devi; Elizabeth Wahengbam; Jotish Nongthombam; Nagung Camder Tok; A Debnath; Bendangla Imsong; Kolom Rabi; Priyadarshini Salam; R Das,2026,2026-09-01,International Journal of Agriculture Extension and Social Development,article,0,https://doi.org/10.33545/26180723.2026.v9.i9k.4280,True,https://openalex.org/W7214127096
imago Dei,El derecho canónico y la bioética: tensiones y convergencias en la defensa de la vida humana,Pedro Duran Subero; Juan Amadís Socorro Ovalles,2026,2026-09-01,Revista Interdisciplinaria de Ciencias de la Educación Salud y Sociología (RICESO),article,0,https://doi.org/10.66136/nm89aq40,True,https://openalex.org/W7204893224
Irenaeus,KOŚCIÓŁ JAKO IKONA TRÓJCY ŚWIĘTEJ. PERSPEKTYWA TEOLOGII PRAWOSŁAWNEJ,Wojciech Słomski,2026,2026-09-01,Studia Theologica Varsaviensia,article,0,https://doi.org/10.21697/stv.17299,True,https://openalex.org/W7204875020
Irenaeus,,,2026,2026-09-01,Keel ja Kirjandus,paratext,0,https://doi.org/10.54013/kk824,True,https://openalex.org/W7213876110
Irenaeus,Mixed Marriages in Scripture: Patristic Exegesis and the Theology of the ‘Holy Seed’,István Pásztori-Kupán,2026,2026-09-01,Perichoresis,article,0,https://doi.org/10.2478/perc-2026-0017,True,https://openalex.org/W7214279367
Irenaeus,"The Hymn of the Pearl: Apocryphal Acts, Women and Later Greek Conceptions of the Soul",Lautaro Roig Lanzillotta,2026,2026-09-01,COMMUNIO VIATORUM,article,0,https://doi.org/10.14712/30296374.2026.11,True,https://openalex.org/W7204898913
Irenaeus,Comorbidity Burden and Survival After Primary Surgery for Oral Cavity Squamous Cell Carcinoma: Tumor Stage as an Effect Modifier,Mateusz Szewczyk; Krzysztof Przybylski; Bartosz Nowak; Bartosz Paweł Wojtera; Dominika Wojnar; Damian Rusek; Jakub Pazdrowski,2026,2026-09-01,Cancers,article,0,https://doi.org/10.3390/cancers18172825,True,https://openalex.org/W7204947000
Irenaeus,Occurrence Download,GBIF.org User,2026,2026-09-01,Global Biodiversity Information Facility,dataset,0,https://doi.org/10.15468/dl.smztq7,True,https://openalex.org/W7204965139
Irenaeus,Purging Homoousios of Sabellian Imprint: Athanasius’ Post-325 Clarification of The Nicene Faith,Joseph Nguyen Huu Thap; Jannel Abogado,2026,2026-09-01,Philippiniana Sacra,article,0,https://doi.org/10.55997/3001pslxi186a1,True,https://openalex.org/W7213517460
Irenaeus,Thomas and Thomas in Confrontation: Dueling Dualisms in the Doctrine of God,Aaron M. Moore,2026,2026-09-01,Perichoresis,article,0,https://doi.org/10.2478/perc-2026-0013,True,https://openalex.org/W7214315615
Irenaeus,Mitmekeelne luule XVII sajandi Eesti- ja Liivimaal: Taust ja eripärad,Janika Päll,2026,2026-09-01,Keel ja Kirjandus,article,0,https://doi.org/10.54013/kk824a2,True,https://openalex.org/W7213891600
Irenaeus,Do Christians and Muslims Worship the Same God? A Philosophical Investigation,Joshua Sijuwade,2026,2026-09-01,Perichoresis,article,0,https://doi.org/10.2478/perc-2026-0016,True,https://openalex.org/W7214373610
pneumatology,ANALISIS KRITIS TERHADAP POKOK-POKOK TEOLOGI JOHN WESLEY DARI PERSPEKTIF KRISTEN ORTODOKS TIMUR,Sulistiono; Jeane Yosefa Tine,2026,2026-08-31,Jurnal Teologi RAI,article,0,https://doi.org/10.63276/jurnalrai.v3i2.155,True,https://openalex.org/W7204937824
Irenaeus,The Whole Story Matters: An Orthodox Christian Perspective on Israel’s Covenantal Life and the Jewish Jesus,Geoffrey Ready,2026,2026-08-31,Studies in Christian-Jewish Relations,article,0,https://doi.org/10.6017/scjr.v21i1.21970,True,https://openalex.org/W7204751889
Irenaeus,"The Borrowed Name: Counterfeit Sanctity, Artificial Intelligence, and the Architecture of the Final Deception",Sergio Ismael Cayuqueo V,2026,2026-08-31,Zenodo (CERN European Organization for Nuclear Research),article,0,https://doi.org/10.5281/zenodo.22181851,True,https://openalex.org/W7204718011
Irenaeus,"The Borrowed Name: Counterfeit Sanctity, Artificial Intelligence, and the Architecture of the Final Deception",Sergio Ismael Cayuqueo V,2026,2026-08-31,Zenodo (CERN European Organization for Nuclear Research),article,0,https://doi.org/10.5281/zenodo.22181852,True,https://openalex.org/W7204697501
pneumatology,"Resonating the Simple Touch: A Fractal-Acoustic Integration of the Living Flame of Love (Stanzas 3–4), the Dark Night of the Spirit, and the Connexio Virtutum under Divine Simplicity",Fr Joseph Gee,2026,2026-08-29,Zenodo (CERN European Organization for Nuclear Research),article,0,https://doi.org/10.5281/zenodo.22165406,True,https://openalex.org/W7204637317
pneumatology,"Resonating the Simple Touch: A Fractal-Acoustic Integration of the Living Flame of Love (Stanzas 3–4), the Dark Night of the Spirit, and the Connexio Virtutum under Divine Simplicity",Fr Joseph Gee,2026,2026-08-29,Zenodo (CERN European Organization for Nuclear Research),article,0,https://doi.org/10.5281/zenodo.22166238,True,https://openalex.org/W7204649024
pneumatology,"Resonating the Simple Touch: A Fractal-Acoustic Integration of the Living Flame of Love (Stanzas 3–4), the Dark Night of the Spirit, and the Connexio Virtutum under Divine Simplicity",Fr Joseph Gee,2026,2026-08-29,Zenodo (CERN European Organization for Nuclear Research),article,0,https://doi.org/10.5281/zenodo.22162772,True,https://openalex.org/W7204633967
pneumatology,"Resonating the Simple Touch: A Fractal-Acoustic Integration of the Living Flame of Love (Stanzas 3–4), the Dark Night of the Spirit, and the Connexio Virtutum under Divine Simplicity",Fr Joseph Gee,2026,2026-08-29,Zenodo (CERN European Organization for Nuclear Research),article,0,https://doi.org/10.5281/zenodo.22162709,True,https://openalex.org/W7204635917
pneumatology,"Resonating the Simple Touch: A Fractal-Acoustic Integration of the Living Flame of Love (Stanzas 3–4), the Dark Night of the Spirit, and the Connexio Virtutum under Divine Simplicity",Fr Joseph Gee,2026,2026-08-29,Zenodo (CERN European Organization for Nuclear Research),article,0,https://doi.org/10.5281/zenodo.22161649,True,https://openalex.org/W7204649118
pneumatology,Full Issue Salubritas 5 (2026),Editors Salubritas,2026,2026-08-28,Salubritas,article,0,https://doi.org/10.31380/2771-1242.1068,True,https://openalex.org/W7212711527
Irenaeus,github.com/kbolton-lab/ArCH/ArCH-PoN-Pileup,Irenaeus Chan,2026,2026-08-28,Zenodo (CERN European Organization for Nuclear Research),software,0,https://doi.org/10.5281/zenodo.22150241,True,https://openalex.org/W7204588312
Irenaeus,github.com/kbolton-lab/ArCH/ArCH-PoN2,Irenaeus Chan,2026,2026-08-28,Zenodo (CERN European Organization for Nuclear Research),software,0,https://doi.org/10.5281/zenodo.22150237,True,https://openalex.org/W7204555761
Irenaeus,github.com/kbolton-lab/ArCH/ArCH-WGS-VariantCalling,Irenaeus Chan,2026,2026-08-28,Zenodo (CERN European Organization for Nuclear Research),software,0,https://doi.org/10.5281/zenodo.22150240,True,https://openalex.org/W7204533916
pneumatology,The Role of Ghanian Pentecostal-Charismatic Churches in Fighting Sexual Violence Against Women,Christian Tsekpoe,2026,2026-08-28,Salubritas,article,0,https://doi.org/10.31380/2771-1242.1073,True,https://openalex.org/W7204665978
pneumatology,"Urban Growth, Youth Dynamics and the Emergence of a Hybrid Liturgical Identity in the Diocese of Lagos, 1990–2020",Oluwole Alfred Adefoluke; Samson Ola Akinyosoye,2026,2026-08-28,CONCRESCENCE JOURNAL OF MULTI-DISCIPLINARY RESEARCH,article,0,https://doi.org/10.68251/cjmr.v3i4.17,True,https://openalex.org/W7214085903
Irenaeus,Does Science Make God Irrelevant?,Hans Madueme,2026,2026-08-27,Perspectives on Science and Christian Faith,article,0,https://doi.org/10.56315/pscf9-26madueme,False,https://openalex.org/W7204231634
Irenaeus,Ultrasound-Assisted Osmotic Pretreatment of Myrtle (Myrtus communis L.) Berries with Grape Molasses: Impacts on Convective Drying Quality,Sevinç Şener; İsmail BOYAR; Esra Gölcü; Doğan Ergün; Luca Mazzoni; Ebru Kafkas; Can Ertekin; Deniz Hazar,2026,2026-08-27,Plants,article,0,https://doi.org/10.3390/plants15172616,True,https://openalex.org/W7204439736
Irenaeus,"Agonistic anti-CD40 antibodies in patients with solid tumors: a systematic review and evidence map of clinical safety, with exploratory proportional synthesis",Xinrui Yin; Shijia Du,2026,2026-08-27,Frontiers in Immunology,review,0,https://doi.org/10.3389/fimmu.2026.1908586,True,https://openalex.org/W7204442224
Irenaeus,"Fluoroscopy-Guided Lumbar Puncture: Historical Evolution, Contemporary Techniques, Clinical Applications, and Patient Safety Considerations",Indunil Karunarathna; Asoka Karunarathna,2026,2026-08-27,Zenodo (CERN European Organization for Nuclear Research),article,0,https://doi.org/10.5281/zenodo.22121290,True,https://openalex.org/W7204461090
Irenaeus,"Fluoroscopy-Guided Lumbar Puncture: Historical Evolution, Contemporary Techniques, Clinical Applications, and Patient Safety Considerations",Indunil Karunarathna; Asoka Karunarathna,2026,2026-08-27,Zenodo (CERN European Organization for Nuclear Research),article,0,https://doi.org/10.5281/zenodo.22121289,True,https://openalex.org/W7204484276
pneumatology,Beyond ‘Tonguelutation’,Samora Harry Ayivor,2026,2026-08-26,Journal of Pentecostal Theology,article,0,https://doi.org/10.1163/17455251-bja10089,False,https://openalex.org/W7204253645
pneumatology,THE ROLE OF PENTECOSTALISM AND CHARISMATISM IN AFRICAN MISSION,UBUO EFFIONG EDET,2026,2026-08-26,AFRICAN JOURNAL OF RELIGION CULTURE AND SOCIETY 3141-4370,article,0,https://doi.org/10.67273/ajrcs.v10.i2.16,True,https://openalex.org/W7204258659
pneumatology,Richard Sibbes and the Spirit of Christ in reformed mystical theology,Samuel J. Musgrave,2026,2026-08-25,,dissertation,0,https://doi.org/10.7488/era/7711,True,https://openalex.org/W7204189710
pneumatology,Green Church,Jefri Hina Remi Katu,2026,2026-08-25,Journal of Pentecostal Theology,article,0,https://doi.org/10.1163/17455251-bja10094,False,https://openalex.org/W7204182061
pneumatology,Trinitariophany,Henrique Mata de Vasconcelos,2026,2026-08-25,Journal of Pentecostal Theology,article,0,https://doi.org/10.1163/17455251-bja10087,False,https://openalex.org/W7204158023
pneumatology,"A Systematic Theological Critique of Iglesia Ni Cristo Unitarianism: The Trinity, Christology, and Pneumatology in Biblical and Nicene Perspective",Russell Tolentino,2026,2026-08-24,,article,0,https://doi.org/10.13140/rg.2.2.14769.75368,True,https://openalex.org/W7204086376
Irenaeus,El perfume del conocimiento: imágenes gnósticas de lo inteligible,Mariano Troiano,2026,2026-08-21,Patristica et mediaevalia,article,0,https://doi.org/10.34096/petm.v47.n1.18304,True,https://openalex.org/W7204874768
Irenaeus,"Motixafortide, cemiplimab, gemcitabine and nab-paclitaxel in metastatic pancreatic cancer: a single-arm phase 2 study with single-cell correlatives",Alexander Grenander Raufi; Edridge K. D’Souza; Michael S. May; Sarah StaAna Sedycias; Ilenia Pellicciotta; Samuel Pan; Shikun Wang; Carmine Palermo; Steven A. Sastra; Naomi Sender; Isabelle Ross; Li Li; Karan D. Luthria; Parin Shah; Somnath Tagore; Zachary H. Walsh; Andrew T. Turk; Bircan Sema; Alina Iuga; Sun Dajiang; Michael D. Kluger; Beth Schrope; Dane Brown; Tito Fojo; Juan M. Schvartzman; Yoanna S Pumpalova; Ryan H. Moy; Susan Elaine Bates; Linda Y. Wu; Hanina Hibshoosh; Aik Choon Tan; Gary K. Schwartz; John A. Chabot; Kenneth P. Olive; Benjamin Izar; Gulam A. Manji,2026,2026-08-21,Nature Communications,article,0,https://doi.org/10.1038/s41467-026-76559-4,True,https://openalex.org/W7203954859
Irenaeus,The Paradox of Fear in Scripture: Humanity’s Fear Encounters the Fear of the LORD,Denise K Travanti,2026,2026-08-20,Digital Commons (Liberty University),article,0,,True,https://openalex.org/W7203957201
Irenaeus,The Revelation of the Pre-Incarnate Christ: A Canonical Exposition of the Gospel of John and the Old Testament Witness in Fulfilling God’s Eschatological Promises,Robert Runyon Coon,2026,2026-08-20,Scholars Crossing (Liberty University),article,0,,True,https://openalex.org/W7203958462
Irenaeus,The Word of Faith Which We Preach: Perspectives on Core Doctrines of Word of Faith Theology,James Clifford Crew,2026,2026-08-20,Scholars Crossing (Liberty University),article,0,,True,https://openalex.org/W7203962603
Irenaeus,Sovereign Borders: John’s Deuteronomic Framework for Israel and the Nations in the Apokalypsis,Kevin W Mullen,2026,2026-08-20,Scholars Crossing (Liberty University),article,0,,True,https://openalex.org/W7203960670
Irenaeus,"Comorbidity-adjusted life expectancy using comprehensive summary measures of medical history: nationwide, population-based study in Sweden",Marcus Westerberg; Hans Garmo; Jonas Filip Ludvigsson; Pär E. Stattin; Rolf Gedeborg,2026,2026-08-20,European Journal of Epidemiology,article,0,https://doi.org/10.1007/s10654-026-01453-8,True,https://openalex.org/W7203795188
Irenaeus,The Incarnational and Christological Link of the Servant in Isaiah 52:13–53:12 and Philippians 2:5–11,Heather Green,2026,2026-08-20,Digital Commons (Liberty University),article,0,,True,https://openalex.org/W7203957733
Irenaeus,"Sport, Human Flourishing and the Common Good: A Jesuit Perspective",Patrick M. Kelly,2026,2026-08-19,"Catholic education/Catholic education (Dayton, Ohio. Online)",article,0,https://doi.org/10.15365/joce.2902022026,True,https://openalex.org/W7203830509
Irenaeus,"Christian Preaching Across Ages: Transformation, Challenges, and Prospects",Olatunji Hezekiah Adigun,2026,2026-08-18,INTERNATIONAL JOURNAL OF RELIGIOUS AND CULTURAL PRACTICE,article,0,https://doi.org/10.56201/ijrcp.vol.11.no5.2026.pg1.17,True,https://openalex.org/W7203711254
pneumatology,Jesus’ Bat and Echoing Narratives,Ali B. Langroudi,2026,2026-08-18,Ancient Narrative,article,0,https://doi.org/10.21827/an.20.43226,True,https://openalex.org/W7203724483
pneumatology,"One Heart and One Soul under Trial. Barnabas, Ananias and Sapphira in Acts 4:32–5:11: Luke’s Portrait of the Restored People of God",Matjaž Celarc,2026,2026-08-17,Edinost in dialog,article,0,https://doi.org/10.34291/edinost/81/02/celarc,True,https://openalex.org/W7203626155
pneumatology,"A Critical Analysis of the Ethiopic Manuscript of 1 Enoch (Kebrān 9) and the Theological Implications of Textual Variants in 1 Enoch 1:9, 14:2, and 15:11",Rev. Adrian Mętel,2026,2026-08-17,Resovia Sacra,article,0,https://doi.org/10.52097/rs.2025.249-272,True,https://openalex.org/W7203709037
Irenaeus,The Spirit’s Presence and Salvation,Grayden McCashen,2026,2026-08-16,,book-chapter,0,https://doi.org/10.1093/9780197907795.003.0006,False,https://openalex.org/W7203585103
Irenaeus,Individual Salvation in the Economy,Grayden McCashen,2026,2026-08-16,,book-chapter,0,https://doi.org/10.1093/9780197907795.003.0009,False,https://openalex.org/W7203571085
Irenaeus,Piety in Irenaeus’ Soteriology,Grayden McCashen,2026,2026-08-16,,book-chapter,0,https://doi.org/10.1093/9780197907795.003.0007,False,https://openalex.org/W7203576730
Irenaeus,Introduction,Grayden McCashen,2026,2026-08-16,,book-chapter,0,https://doi.org/10.1093/9780197907795.003.0001,False,https://openalex.org/W7203578853
Irenaeus,Faith in Irenaeus’ Theological Epistemology,Grayden McCashen,2026,2026-08-16,,book-chapter,0,https://doi.org/10.1093/9780197907795.003.0003,False,https://openalex.org/W7203579383
Irenaeus,Faith and Piety in Irenaeus,Grayden McCashen,2026,2026-08-16,,book-chapter,0,https://doi.org/10.1093/9780197907795.003.0010,False,https://openalex.org/W7203579454
Irenaeus,The Way of Life,Grayden McCashen,2026,2026-08-16,,book-chapter,0,https://doi.org/10.1093/9780197907795.003.0005,False,https://openalex.org/W7203579705
Irenaeus,God and the Soul,Grayden McCashen,2026,2026-08-16,,book-chapter,0,https://doi.org/10.1093/9780197907795.003.0002,False,https://openalex.org/W7203584539
Irenaeus,Love in Irenaeus’ Moral Psychology,Grayden McCashen,2026,2026-08-16,,book-chapter,0,https://doi.org/10.1093/9780197907795.003.0004,False,https://openalex.org/W7203587161
Irenaeus,Individual Salvation and the Economy,Grayden McCashen,2026,2026-08-16,,book-chapter,0,https://doi.org/10.1093/9780197907795.003.0008,False,https://openalex.org/W7203589441
Irenaeus,"Faith, Piety, and Salvation in Irenaeus of Lyons",Grayden McCashen,2026,2026-08-14,,book,0,https://doi.org/10.1093/9780197907795.001.0001,False,https://openalex.org/W7203573896
Irenaeus,Christian Theology and Ecological Grief,Hannah Malcolm,2026,2026-08-13,,book,0,https://doi.org/10.4324/9781003644965,True,https://openalex.org/W7202374891
pneumatology,Examination of Theological and Philosophical Foundations For Curriculum Development in Online Theological Education,Omolara A. AREO,2026,2026-08-10,INTERNATIONAL JOURNAL OF EDUCATION AND EVALUATION,article,0,https://doi.org/10.56201/ijee.v12.no.2.2026.pg675.685,True,https://openalex.org/W7202075409
Irenaeus,History and Theology of East African Revival Movement and a Distinction between the Western Evangelical Concept of Salvation and the East African Revival Movement’s in Kigezi Sub-Region,Moses Agaba,2026,2026-08-10,International Journal of History Research,article,0,https://doi.org/10.47604/ijhr.3918,True,https://openalex.org/W7202078541
Irenaeus,Biblical Apocrypha in Slavia Orthodoxa: a Survey,Susana Torres Prieto,2026,2026-08-10,Studia Litteraria Serdicensia,article,0,https://doi.org/10.66260/ses2026stp,True,https://openalex.org/W7213445186
Irenaeus,A Different View on Revelation by John the Theologian 20: 1-3,Ivan I. Iliev,2026,2026-08-10,Studia Litteraria Serdicensia,article,0,https://doi.org/10.66260/ses2026iii,True,https://openalex.org/W7213452196
Irenaeus,"Scriptures, Syncretism, and the Steppe: The Calf Across Cultures",Aton M. Holzer,2026,2026-08-06,Religions,article,0,https://doi.org/10.3390/rel17080934,True,https://openalex.org/W7197006382
Irenaeus,github.com/kbolton-lab/ArCH/ArCH-PoN2,Irenaeus Chan,2026,2026-08-05,Zenodo (CERN European Organization for Nuclear Research),software,0,https://doi.org/10.5281/zenodo.21813517,True,https://openalex.org/W7172516069
Irenaeus,Occurrence Download,GBIF.org User,2026,2026-08-05,Global Biodiversity Information Facility,dataset,0,https://doi.org/10.15468/dl.dawk5m,True,https://openalex.org/W7172496633
Irenaeus,github.com/kbolton-lab/ArCH/ArCH-WGS-VariantCalling,Irenaeus Chan,2026,2026-08-05,Zenodo (CERN European Organization for Nuclear Research),software,0,https://doi.org/10.5281/zenodo.21813518,True,https://openalex.org/W7172513774
Irenaeus,github.com/kbolton-lab/ArCH/ArCH-PoN-Pileup,Irenaeus Chan,2026,2026-08-05,Zenodo (CERN European Organization for Nuclear Research),software,0,https://doi.org/10.5281/zenodo.21813519,True,https://openalex.org/W7172502288
pneumatology,Epistemologi Teologi Religionum: Menginternalisasi Doktrin Soteriologi Dalam Konteks Dialog Antaragama,Boy Anto Ando Silitonga,2026,2026-08-04,Mitra Sriwijaya Jurnal Teologi dan Pendidikan Kristen,article,0,https://doi.org/10.46974/ms.v7i1.190,True,https://openalex.org/W7202173364
Irenaeus,ABRACADABRA Decoded: a Curative Christological Cryptogram in a Greco-Roman Malaria Amulet,Nezer Maranz,2026,2026-08-03,,preprint,0,https://doi.org/10.33774/coe-2026-n92v8,True,https://openalex.org/W7172358507
Irenaeus,Predictive Biomarkers of Systemic Therapy Response in Cutaneous Melanoma,U Sin Wong; Dajiang Guo,2026,2026-08-03,Cancers,article,0,https://doi.org/10.3390/cancers18152487,True,https://openalex.org/W7172300691
Irenaeus,The Great Expansion: Proto-Mark and the Pro-Gentile Enlargement of Canonical Mark,David Gentile,2026,2026-08-03,Qeios,preprint,0,https://doi.org/10.32388/awerm6.2,True,https://openalex.org/W7172290745
pneumatology,Algorithmic Habitus and the Invisible Mission: Sanctification as the Reordering of Desire,Åke Elden,2026,2026-08-03,New Blackfriars,article,0,https://doi.org/10.1017/nbf.2026.10162,True,https://openalex.org/W7172335221
pneumatology,Reconciling the Irreconcilable: Sacramental Presence and Mystical Union in John Calvin and Ignatius of Loyola,Hansol Goo,2026,2026-08-01,Religions,article,0,https://doi.org/10.3390/rel17080912,True,https://openalex.org/W7172305463
pneumatology,Akal Rohani Imitasi di Realitas Gereja Virtual,Josua Estomihi Butarbutar,2026,2026-07-31,Indonesian Journal of Theology,article,0,https://doi.org/10.46567/ijt.v14i1.651,True,https://openalex.org/W7171869228
pneumatology,Contemporary Pentecostal-Charismatic Movements: Spread and Broad Impact,Peter Zimmerling,2026,2026-07-31,Diffusion fundamentals.,article,0,https://doi.org/10.62721/diffusion-fundamentals.40.1287,True,https://openalex.org/W7172012032
Irenaeus,ANTİK ROMA DEVLETİ'NİN TAHIL TİCARETİ VE TEDARİK SİSTEMİNE DAİR BİR DEĞERLENDİRME,Ümran Ozan KARAHAN,2026,2026-07-31,Tarih İncelemeleri Dergisi,article,0,https://doi.org/10.18513/egetid.1821763,True,https://openalex.org/W7171983399
Irenaeus,The Places of Composition of the Gospels according to the Subscriptions in Church Slavonic Tetraevangelia,Jerzy Ostapczuk,2026,2026-07-31,Slavia Meridionalis,article,0,https://doi.org/10.11649/sm.3511,True,https://openalex.org/W7171924027
pneumatology,The Role of Women in New Testament Ministry and Its Implications for Contemporary Church Practice: A Biblical-Theological Exploration,Jezreel Smith Mietuade,2026,2026-07-31,International Journal of Religion Humanity and Cultural Heritage,article,0,https://doi.org/10.66324/ijrch.v1i4.238,True,https://openalex.org/W7213881214
Irenaeus,"The interplay between oncolytic viruses, Toll-like receptor signaling, and chemotherapy in overcoming tumor immune tolerance",Yi-Ying Wu; Feng‐Hsu Wu; Chen‐Yuan Tseng; Pin-Kuan Chiang; Muhammad Muniri; Hung‐Jen Liu,2026,2026-07-31,Frontiers in Cellular and Infection Microbiology,article,1,https://doi.org/10.3389/fcimb.2026.1898807,True,https://openalex.org/W7171960152
pneumatology,The Internal Coherence of Cyril of Alexandria’s Pneumatology: Interpreting the 7th Dialogue of the Dialogues on the Trinity,Matthew J. Pereira,2026,2026-07-29,Columbia Academic Commons (Columbia University),article,0,https://doi.org/10.7916/dk59-py33,True,https://openalex.org/W7171723401
pneumatology,"Faith on the Frontline: Forest Stewardship Activities of the African Church of the Holy Spirit in the Conservation of Malava Forest, Western Kenya",Gerlinda Akinyi Ademba; Edith Simiyu; Nelly Masayi,2026,2026-07-27,Iconic Research and Engineering Journals,article,0,https://doi.org/10.64388/irev10i1-1719867,True,https://openalex.org/W7171428277
pneumatology,I Never Thought I'd Be the Professor!,Kayko Driedger Hesslein,2026,2026-07-25,Consensus,article,0,https://doi.org/10.51644/mjoa4332,True,https://openalex.org/W7202377511
pneumatology,AI dan Pohon Pengetahuan: Pembacaan Teologis-Pentakostal tentang Discernment di Era Digital,Fredy Simanjuntak; Upa Silaen,2026,2026-07-24,THECRED Proceedings of the Theology Conference and Religious Education Dialogue,conference-paper,0,https://doi.org/10.53547/pmg87997,True,https://openalex.org/W7212808743
pneumatology,Pneumatologi Digital: Menghidupi Amsal 22: 6 dalam Pendidikan Anak Pentakostal,Didimus Sutanto B. Prasetya,2026,2026-07-24,THECRED Proceedings of the Theology Conference and Religious Education Dialogue,conference-paper,0,https://doi.org/10.53547/ntrm8e09,True,https://openalex.org/W7212780775
pneumatology,Artificial Intelligence (AI) dalam Dunia Pentakosta dan Misi,Fransiskus Irwan Widjaja,2026,2026-07-24,THECRED Proceedings of the Theology Conference and Religious Education Dialogue,conference-paper,0,https://doi.org/10.53547/7c4aac46,True,https://openalex.org/W7212741016
pneumatology,The Redemption of Disposition,Graham Ward,2026,2026-07-24,,book-chapter,0,https://doi.org/10.1093/9780197907108.003.0015,False,https://openalex.org/W7170566496
pneumatology,Relationship with Christ and being led by The Holy Spirit are key to Carrying out The mission in The Acts of The Apostles,Jimmy Agustin Siregar,2026,2026-07-22,Devotion Journal of Research and Community Service,article,0,https://doi.org/10.59188/devotion.v7i7.25739,True,https://openalex.org/W7196994520
pneumatology,Trinity and Moderate Communitarianism: The Shape of Social Engagement within the Godhead,Harry Allotey,2026,2026-07-21,Scholars Crossing (Liberty University),article,0,,True,https://openalex.org/W7170126819
pneumatology,Pneumatology,Doru Costache,2026,2026-07-20,Cambridge University Press eBooks,book-chapter,0,https://doi.org/10.1017/9781009119177.015,False,https://openalex.org/W7169731309
pneumatology,"Submission and Collaboration: Reassessing Υποτάσσω across Trinitarian, Civic, Marital, Ecclesial, and Workplace Relations",Erwin Samuel Henderson,2026,2026-07-17,Pharos Journal of Theology,article,0,https://doi.org/10.46222/pharosjot.107.4022,True,https://openalex.org/W7169543937
pneumatology,Spirit of unity in a divided nation: A Pentecostal theological analysis of South Africa’s government of national unity,Botshelo M. Ramoshaba; Lufuluvhi Maria Mudimeli,2026,2026-07-16,African Journal of Pentecostal Studies,article,0,https://doi.org/10.4102/ajops.v3i1.155,True,https://openalex.org/W7168641084
pneumatology,Kierkegaard’s Concept of Anxiety,George Pattison,2026,2026-07-16,Cambridge University Press eBooks,book,0,https://doi.org/10.1017/9781009591638,True,https://openalex.org/W7170065782
pneumatology,"Spirit, leadership, and synodality in the Roman Catholic Church",Armin M. Kummer,2026,2026-07-14,,book-chapter,0,https://doi.org/10.4324/9781003779773-16,False,https://openalex.org/W7168241290
pneumatology,Radix et hospitium: The dialectic of prophetic radicalism and hospitality as a paradigm of religious moderation in the ecclesiology of the early church,Johannis Siahaya; Harls Evan R. Siahaan,2026,2026-07-13,HTS Teologiese Studies / Theological Studies,article,0,https://doi.org/10.4102/hts.v82i1.11410,True,https://openalex.org/W7168134933
pneumatology,"Prosperity Gospel, Social Protection, and Community Care",Martin Mukole,2026,2026-07-08,African Journal of Religious and Theological Studies,article,0,https://doi.org/10.62154/ajrts.2026.07.01012,True,https://openalex.org/W7167690004
pneumatology,"Charismatics, Liberals and New Reformations in the ‘Long’ 1960s: ‘Can these Bones live?’",John G. Maiden,2026,2026-07-08,The Journal of Ecclesiastical History,article,0,https://doi.org/10.1017/s0022046926103467,True,https://openalex.org/W7167728379
pneumatology,PNEUMATOLOGICAL REALISM VERSUS TRANSACTIONAL PROSPERITY: REFORMING THE PEDAGOGY OF POWER IN NIGERIAN PENTECOSTALISM,Idanwojo Vincent Thankgod; PhD Andy-Philip Nesta,2026,2026-07-06,Zenodo (CERN European Organization for Nuclear Research),article,0,https://doi.org/10.5281/zenodo.21227600,True,https://openalex.org/W7167471215
pneumatology,PNEUMATOLOGICAL REALISM VERSUS TRANSACTIONAL PROSPERITY: REFORMING THE PEDAGOGY OF POWER IN NIGERIAN PENTECOSTALISM,Idanwojo Vincent Thankgod; PhD Andy-Philip Nesta,2026,2026-07-06,Zenodo (CERN European Organization for Nuclear Research),article,0,https://doi.org/10.5281/zenodo.21227601,True,https://openalex.org/W7167511192
pneumatology,From Babel to Nehemiah: A Theological Reading of Magnifica Humanitas and the Governance of Artificial Intelligence,Raymond Rubianto Tjandrawinata,2026,2026-07-06,Indonesian Journal of Multidisciplinary Science,article,0,https://doi.org/10.55324/ijoms.v5i10.1295,True,https://openalex.org/W7167698589
pneumatology,The Holy Spirit in Asia,Kirsteen Kim,2026,2026-07-03,,book-chapter,0,https://doi.org/10.1093/9780197633793.003.0024,False,https://openalex.org/W7167013192
pneumatology,Dialogue with Daoism,Manlin Shen,2026,2026-07-03,,book-chapter,0,https://doi.org/10.1093/9780197633793.003.0007,False,https://openalex.org/W7167040437
pneumatology,Contemporary Asian Christian Theologies,Peter C Phan,2026,2026-07-03,,book-chapter,0,https://doi.org/10.1093/9780197633793.003.0002,False,https://openalex.org/W7167058946
pneumatology,Asian Pentecostal Theologies,John Alex; Amos Yong,2026,2026-07-03,,book-chapter,0,https://doi.org/10.1093/9780197633793.003.0015,False,https://openalex.org/W7167084325
pneumatology,Dari William Seymour ke Misi Global: Warisan Pentakostal bagi Praktik Amanat Agung,Efri Mariana Luis; Jonathan Patrick Lumban Tobing; Meriyana Meriyana,2026,2026-07-02,Davar Jurnal Teologi,article,0,https://doi.org/10.55807/davar.v7i1.261,True,https://openalex.org/W7167103983
pneumatology,“Heavenly Fire of the Godhead”: The Activity of the Holy Spirit in the Macarian Writings,Daniel Wade Edwards,2026,2026-07-01,e-Publications@Marquette (Marquette University),dissertation,0,,True,https://openalex.org/W7214135148
pneumatology,“Conceived by the Holy Spirit and Born […]”: Filioque or Spirituque? A Study on the Interrelationship between the Son and the Holy Spirit,The Society of Theology and Thought; Sunghun Joseph Ha,2026,2026-06-30,The Society of Theology and Thought,article,0,https://doi.org/10.21731/ctat.2026.94.224,False,https://openalex.org/W7167676270
pneumatology,Ecotheology as an Academic Field,Tom Sverre Bredal-Tomren,2026,2026-06-30,Ecothe - Journal of Ecotheology,article,0,https://doi.org/10.68046/3ktx1943,True,https://openalex.org/W7204257762
pneumatology,Social Value Construction in the Labuhan Parangkusumo Tradition: A Study of Cultural Meaning and Its Implications for Local Wisdom-Based Social Studies Education,Andri Yunan Nugroho; Sukadari; Victor Novianto; Esti Setiawati; Yanuar Bagas Arwansyah,2026,2026-06-30,LITERASI Jurnal Pendidikan Guru Indonesia,article,0,https://doi.org/10.58218/literasi.v5i2.3122,True,https://openalex.org/W7196928351
pneumatology,Water Symbolism in John and Martutu Aek: A Biblical-Theological Reading of Religious Literature,Sukanto Limbong; Daniel Razsekar Panjaitan; Sigamoney Shakespeare,2026,2026-06-30,Jurnal Lektur Keagamaan,article,0,https://doi.org/10.31291/jlka.v24i1.1421,True,https://openalex.org/W7166840500
pneumatology,EKUMENISME AKAR RUMPUT,Silvana Natalia Nainggolan; Martinus Dendo Ngara,2026,2026-06-30,Bonafide Jurnal Teologi dan Pendidikan Kristen,article,0,https://doi.org/10.46558/bonafide.v7i1.486,True,https://openalex.org/W7166739128
pneumatology,Kepemimpinan Gereja dan Pengembangan Pelayanan di Era Digital: Menjawab Tantangan AI dan Society 5.0 di PGPI Langkat,Heryanto Heryanto; Rudy Butar-butar,2026,2026-06-30,MENGABDI Jurnal Hasil Kegiatan Bersama Masyarakat,article,0,https://doi.org/10.61132/mengabdi.v4i3.2363,True,https://openalex.org/W7166665723
pneumatology,Review of Origen of Alexandria and the Theology of the Holy Spirit by Micah M. Miller,Jeremías Avilés,2026,2026-06-30,Martyria,book-review,0,https://doi.org/10.15664/j9nn7d72,True,https://openalex.org/W7168353706
pneumatology,Dia tou Hyiou i Filioque w teologii chrystologiczno-trynitarnej Hansa Ursa von Balthasara,Maciej Raczyński-Rożek,2026,2026-06-30,Warszawskie Studia Teologiczne,article,0,https://doi.org/10.30439/wst.2026.1.11,True,https://openalex.org/W7171426522
pneumatology,The Beginning of the Theology of Numbers: From Philo of Alexandria to Saint Victorinus of Poetovio,Nikołaj Handoga,2026,2026-06-30,Warszawskie Studia Teologiczne,article,0,https://doi.org/10.30439/wst.2026.1.7,True,https://openalex.org/W7171439739
pneumatology,A Proposal for a Homiletical Pentecostal Pneumatology,Ji Hoon Cho,2026,2026-06-30,Journal of Youngsan Theology,article,0,https://doi.org/10.18804/jyt.2026.06.76.129,False,https://openalex.org/W7172251797
pneumatology,The Economic-Soteriological Dimension of the Doctrine of the Trinity in Pentecostal-Charismatic Perspective: A Biblical-Theological Inquiry,Petrus Ng; Nicodemus Welhelem Manuhutu; Gunawan,2026,2026-06-30,DIEGESIS Jurnal Teologi Kharismatika,article,0,https://doi.org/10.53547/gwwk3358,True,https://openalex.org/W7167039379
pneumatology,Spiritualitas Kristen dan Kesehatan Mental,Agustini Agustini,2026,2026-06-30,MAGNUM OPUS Jurnal Teologi dan Kepemimpinan Kristen,article,0,https://doi.org/10.52220/magnum.v8n1.568,True,https://openalex.org/W7214445500
pneumatology,La defensa de la divinidad del Espíritu Santo en el quinto Discurso teológico de Gregorio de Nacianzo,Walisson De Souza Soares,2026,2026-06-29,Estudios trinitarios,article,0,https://doi.org/10.66467/et.49,True,https://openalex.org/W7166533673
pneumatology,In the Spirit: Human Subjectivity Under Law and Gospel,Geoffrey Evans,2026,2026-06-29,Promissio A Journal of Confessing Theology,article,0,https://doi.org/10.66100/pjct.v1i3.120,True,https://openalex.org/W7166546831
pneumatology,Pneumatology,Johnson Kwabena Asamoah-Gyadu,2026,2026-06-29,,book-chapter,0,https://doi.org/10.1093/9780191980114.003.0011,False,https://openalex.org/W7166562397
pneumatology,From the Paraclete to Digital Faith Formation: Reconstructing Pneumatological Spirituality from the Gospel of John,Alwen Bira; Ridwan Henry Simamora; Oktavianus Stanly Betosi; Joice Petrus Polii,2026,2026-06-28,TELEIOS Jurnal Teologi dan Pendidikan Agama Kristen,article,0,https://doi.org/10.53674/teleios.v6i1.395,True,https://openalex.org/W7166459689
pneumatology,"Book Review: God without the Idea of Evil by Jean-Miguel Garrigues, O.P. The Persistence of Evil by Fintan Lyons, O.S.B. Jean-Miguel Garrigues, O.P., God without the Idea of Evil (Notre Dame, IN: University of Notre Dame Press, 2023). 210 pp. US$40.00. ISBN 978-0-2682-0541-6 (hbk).Fintan Lyons, O.S.B., The Persistence of Evil (London: T&T Clark, 2023). 384 pp. £75.00. ISBN 978-0-5677-1012 3 (hbk).",Paul K. Moser,2026,2026-06-26,Studies in Christian Ethics,book-review,0,https://doi.org/10.1177/09539468261456726,True,https://openalex.org/W7166090480
pneumatology,THE SPIRIT WITHOUT MEASURE,Oey Natanael Winanto; Paulus Eppang; Corry C. Prasetya,2026,2026-06-26,QUAERENS Journal of Theology and Christianity Studies,article,0,https://doi.org/10.46362/quaerens.v8i1.371,True,https://openalex.org/W7168288361
pneumatology,"Labor, Capital, and Production in a Globalized World: A Reappraisal through Miroslav Volf's Theology of Work",Edi Purwanto; Frans H. M. Silalahi,2026,2026-06-24,DIEGESIS Jurnal Teologi Kharismatika,article,0,https://doi.org/10.53547/fg70kn40,True,https://openalex.org/W7166589570
pneumatology,Φρόνημα in Romans 8: A Pauline Ethical Key,Dolly Elias Chaaya,2026,2026-06-24,Religions,article,0,https://doi.org/10.3390/rel17070760,True,https://openalex.org/W7166100939
